compound_id,canonical_smiles,source_dataset,scaffold_smiles,p_repellent,p_non_repellent,ensemble_std,prediction_interval_lower,prediction_interval_upper,prediction_interval,ood_score,rank,high_ood,high_uncertainty
LIC_00001,CC(C)N1CC[C@@]2(C[C@H]3CC[C@@H](C2)N3)OC1=O,insecticide,CC1CCCC2(C1)CC1CCC(C1)C2,0.99999999,1.0000000050247593e-08,0.0005461294,0.43396225415094336,1.0,"[0.4340, 1.0000]",0.3913580796075901,1,False,False
LIC_01950,O=C(Nc1ccc(-c2nc3ccccc3s2)cc1)c1cccc(N2C(=O)CCC2=O)c1,insecticide,CC(CC1CCC(C2CC3CCCCC3C2)CC1)C1CCCC(C2C(C)CCC2C)C1,0.99999999,1.0000000050247593e-08,0.0002783359,0.43396225415094336,1.0,"[0.4340, 1.0000]",0.5921229467717685,2,False,False
LIC_01929,O=c1oc2ccccc2c(O)c1/C=N/c1ncccn1,insecticide,CC1CC2CCCCC2CC1CCC1CCCCC1,0.99999999,1.0000000050247593e-08,0.0010630403,0.43396225415094336,1.0,"[0.4340, 1.0000]",0.4734142904424742,3,False,False
LIC_01930,COCCn1/c(=N/C(=O)CN2C(=O)CCC2=O)sc2cc(Br)ccc21,insecticide,CC(CC1CC2CCCCC2C1)CC1C(C)CCC1C,0.99999999,1.0000000050247593e-08,0.00017604975,0.43396225415094336,1.0,"[0.4340, 1.0000]",0.6317118256915493,4,False,True
LIC_01931,COc1cc(Cl)ccc1NC(=O)Cn1nc([N+](=O)[O-])c(Br)c1C,insecticide,CC(CC1CCCCC1)CC1CCCC1,0.99999999,1.0000000050247593e-08,0.00038262215,0.43396225415094336,1.0,"[0.4340, 1.0000]",0.5823359011017021,5,False,True
LIC_01932,CC(=O)N1CCN(C(=S)c2ccc(-c3ccc([N+](=O)[O-])cc3Cl)o2)CC1,insecticide,CC(C1CCCCC1)C1CCC(C2CCCCC2)C1,0.99999999,1.0000000050247593e-08,0.0011641508,0.43396225415094336,1.0,"[0.4340, 1.0000]",0.6116660003902292,6,False,True
LIC_01933,O=C(OCc1nc2ccccc2s1)c1cccc(N2C(=O)CCC2=O)c1,insecticide,CC(CCC1CC2CCCCC2C1)C1CCCC(C2C(C)CCC2C)C1,0.99999999,1.0000000050247593e-08,0.0012281468,0.43396225415094336,1.0,"[0.4340, 1.0000]",0.5303128157375582,7,False,True
LIC_01934,Cc1ccc(S(=O)(=O)N(CC(O)CN2CCCCC2)c2ccc(F)cc2)cc1,insecticide,CC(C)(C1CCCCC1)C(CCCC1CCCCC1)C1CCCCC1,0.99999999,1.0000000050247593e-08,0.0020446246,0.43396225415094336,1.0,"[0.4340, 1.0000]",0.6374741214161991,8,False,True
LIC_01935,COC(=O)c1ccc(Oc2ccccc2)cc1,insecticide,C1CCC(CC2CCCCC2)CC1,0.99999999,1.0000000050247593e-08,0.0012367767,0.43396225415094336,1.0,"[0.4340, 1.0000]",0.17253256596132022,9,False,True
LIC_01936,COc1ccccc1N1C(=O)CC(Sc2ccccc2C(=O)O)C1=O,insecticide,CC1CC(CC2CCCCC2)C(C)C1C1CCCCC1,0.99999999,1.0000000050247593e-08,0.00077483075,0.43396225415094336,1.0,"[0.4340, 1.0000]",0.4888609430010471,10,False,False
LIC_01937,COCCn1/c(=N/C(=O)CN2C(=O)CCC2=O)sc2cc(C(=O)OC)ccc21,insecticide,CC(CC1CC2CCCCC2C1)CC1C(C)CCC1C,0.99999999,1.0000000050247593e-08,0.0006557978,0.43396225415094336,1.0,"[0.4340, 1.0000]",0.61519356022193,11,False,True
LIC_01939,O=C(CSc1nc2ccccc2[nH]1)c1ccccc1,insecticide,CC(CCC1CC2CCCCC2C1)C1CCCCC1,0.99999999,1.0000000050247593e-08,0.0013669223,0.43396225415094336,1.0,"[0.4340, 1.0000]",0.38455480537356357,12,False,True
LIC_01940,CSc1nc2ccc(NC(=O)c3cccc(N4C(=O)CCC4=O)c3)cc2s1,insecticide,CC(CC1CCC2CCCC2C1)C1CCCC(C2C(C)CCC2C)C1,0.99999999,1.0000000050247593e-08,0.00017635613,0.43396225415094336,1.0,"[0.4340, 1.0000]",0.698195406379439,13,False,True
LIC_01941,Cc1cccc(-c2nc3ccccc3[nH]2)c1,insecticide,C1CCC(C2CC3CCCCC3C2)CC1,0.99999999,1.0000000050247593e-08,0.00083824794,0.43396225415094336,1.0,"[0.4340, 1.0000]",0.4189898916697702,14,False,True
LIC_01942,O=C1CCC(=O)N1CC(O)Cn1c2ccc(Cl)cc2c2cc(Cl)ccc21,insecticide,CC1CCC(C)C1CCCC1C2CCCCC2C2CCCCC21,0.99999999,1.0000000050247593e-08,0.0002968222,0.43396225415094336,1.0,"[0.4340, 1.0000]",0.4583907799427686,15,False,True
LIC_01943,CCOC(=O)N1CCN(C2CC(=O)N(c3ccc(I)cc3C)C2=O)CC1,insecticide,CC1CC(C2CCCCC2)C(C)C1C1CCCCC1,0.99999999,1.0000000050247593e-08,0.0009051263,0.43396225415094336,1.0,"[0.4340, 1.0000]",0.6508264724516981,16,False,False
LIC_01944,O=C(Nc1ccc(O)c(-c2nc3ccccc3s2)c1)c1ccc(N2C(=O)CCC2=O)cc1,insecticide,CC(CC1CCCC(C2CC3CCCCC3C2)C1)C1CCC(C2C(C)CCC2C)CC1,0.99999999,1.0000000050247593e-08,0.0003576138,0.43396225415094336,1.0,"[0.4340, 1.0000]",0.6260279874486141,17,False,False
LIC_01945,C=CCn1/c(=N/C(=O)CN2C(=O)CCC2=O)sc2cc(C(=O)OC)ccc21,insecticide,CC(CC1CC2CCCCC2C1)CC1C(C)CCC1C,0.99999999,1.0000000050247593e-08,0.00028152563,0.43396225415094336,1.0,"[0.4340, 1.0000]",0.5599223478583893,18,False,False
LIC_01946,Cc1ccccc1C(=O)NNC1CC(=O)N(c2ccc(Cl)cc2)C1=O,insecticide,CC(CCC1CC(C)C(C2CCCCC2)C1C)C1CCCCC1,0.99999999,1.0000000050247593e-08,0.0010125907,0.43396225415094336,1.0,"[0.4340, 1.0000]",0.3602362119977264,19,False,True
LIC_01947,O=C(Nc1ccc(O)c(-c2nc3ccccc3s2)c1)c1cccc(N2C(=O)CCC2=O)c1,insecticide,CC(CC1CCCC(C2CC3CCCCC3C2)C1)C1CCCC(C2C(C)CCC2C)C1,0.99999999,1.0000000050247593e-08,0.00038358002,0.43396225415094336,1.0,"[0.4340, 1.0000]",0.6251979783695846,20,False,True
LIC_01948,O=C(O)c1ccccc1SC1CC(=O)N(c2ccc(O)cc2)C1=O,insecticide,CC1CC(CC2CCCCC2)C(C)C1C1CCCCC1,0.99999999,1.0000000050247593e-08,0.0004980276,0.43396225415094336,1.0,"[0.4340, 1.0000]",0.5295294213816831,21,False,False
LIC_01928,O=C(OC1CN(c2nc3ccc(F)cc3s2)C1)c1cccc(N2C(=O)CCC2=O)c1,insecticide,CC(CC1CC(C2CC3CCCCC3C2)C1)C1CCCC(C2C(C)CCC2C)C1,0.99999999,1.0000000050247593e-08,0.00046079513,0.43396225415094336,1.0,"[0.4340, 1.0000]",0.6655063532434506,22,False,False
LIC_01927,Cc1oc(-c2ccc([N+](=O)[O-])c(Cl)c2)cc1C(=O)N1CCOCC1,insecticide,CC(C1CCCCC1)C1CCC(C2CCCCC2)C1,0.99999999,1.0000000050247593e-08,0.0008041108,0.43396225415094336,1.0,"[0.4340, 1.0000]",0.6223627579999175,23,False,True
LIC_01926,COc1ccc(N2C(=O)CC(NNC(=O)c3ccccc3)C2=O)cc1,insecticide,CC(CCC1CC(C)C(C2CCCCC2)C1C)C1CCCCC1,0.99999999,1.0000000050247593e-08,0.0005014305,0.43396225415094336,1.0,"[0.4340, 1.0000]",0.3220888063410046,24,False,True
LIC_01914,CCN(CC)CCN(C(=O)CN1C(=O)CCC1=O)c1nc2ccc(Br)cc2s1,insecticide,CC(CC1CC2CCCCC2C1)CC1C(C)CCC1C,0.99999999,1.0000000050247593e-08,0.00040331058,0.43396225415094336,1.0,"[0.4340, 1.0000]",0.5549387600203399,25,False,True
LIC_01906,CCN(CC)CCN(C(=O)CN1C(=O)CCC1=O)c1nc2cc3c(cc2s1)OCO3,insecticide,CC(CC1CC2CC3CCCC3CC2C1)CC1C(C)CCC1C,0.99999999,1.0000000050247593e-08,0.0007130663,0.43396225415094336,1.0,"[0.4340, 1.0000]",0.6007778963554063,26,False,True
LIC_01907,Cc1noc(-c2cccc(Cl)n2)n1,insecticide,C1CCC(C2CCCC2)CC1,0.99999999,1.0000000050247593e-08,0.008223121,0.43396225415094336,1.0,"[0.4340, 1.0000]",0.42549087521005113,27,False,False
LIC_01908,O=C(CN1C(=O)CCC1=O)Nc1ccc(O)c(-c2nc3ccccc3s2)c1,insecticide,CC(CC1CCCC(C2CC3CCCCC3C2)C1)CC1C(C)CCC1C,0.99999999,1.0000000050247593e-08,0.0005279269,0.43396225415094336,1.0,"[0.4340, 1.0000]",0.5988686934001818,28,False,False
LIC_01909,COc1ccc(N(C(=O)Nc2ccc(Cl)c(Cl)c2)C2=NCCC2)cc1,insecticide,CC(CC1CCCCC1)C(C1CCCCC1)C1CCCC1,0.99999999,1.0000000050247593e-08,0.0007864958,0.43396225415094336,1.0,"[0.4340, 1.0000]",0.6433158560595051,29,False,False
LIC_01910,CCCn1/c(=N/C(=O)CN2C(=O)CCC2=O)sc2c(OC)ccc(OC)c21,insecticide,CC(CC1CC2CCCCC2C1)CC1C(C)CCC1C,0.99999999,1.0000000050247593e-08,0.00045569777,0.43396225415094336,1.0,"[0.4340, 1.0000]",0.5568229425393183,30,False,False
LIC_01911,CCOc1ccc2c(c1)s/c(=N\C(=O)CN1C(=O)CCC1=O)n2CCOC,insecticide,CC(CC1CC2CCCCC2C1)CC1C(C)CCC1C,0.99999999,1.0000000050247593e-08,0.00048049085,0.43396225415094336,1.0,"[0.4340, 1.0000]",0.6207243902489152,31,False,False
LIC_01912,COC(=O)Cn1/c(=N/C(=O)CN2C(=O)CCC2=O)sc2cc(Cl)ccc21,insecticide,CC(CC1CC2CCCCC2C1)CC1C(C)CCC1C,0.99999999,1.0000000050247593e-08,0.00037029802,0.43396225415094336,1.0,"[0.4340, 1.0000]",0.5497451016695052,32,False,True
LIC_01913,O=C(Nc1ccc(Cl)c(Cl)c1)N1CCN(Cc2ccsc2)CC1,insecticide,CC(CC1CCCCC1)C1CCC(CC2CCCC2)CC1,0.99999999,1.0000000050247593e-08,0.00049365,0.43396225415094336,1.0,"[0.4340, 1.0000]",0.6206188067454296,33,False,True
LIC_01915,COc1ccc(Br)cc1S(=O)(=O)Nc1cc(Cl)ccc1O,insecticide,CC(C)(CC1CCCCC1)C1CCCCC1,0.99999999,1.0000000050247593e-08,0.0008117321,0.43396225415094336,1.0,"[0.4340, 1.0000]",0.4237852935635411,34,False,True
LIC_01925,O=C(Nc1ccc(-c2nc3ccccc3o2)cc1)c1cccc(N2C(=O)CCC2=O)c1,insecticide,CC(CC1CCC(C2CC3CCCCC3C2)CC1)C1CCCC(C2C(C)CCC2C)C1,0.99999999,1.0000000050247593e-08,0.0006128003,0.43396225415094336,1.0,"[0.4340, 1.0000]",0.6088434860844714,35,False,False
LIC_01916,O=C(CN1C(=O)CCC1=O)Nc1nc(-c2ccc3ccccc3c2)cs1,insecticide,CC(CC1CCC(C2CCC3CCCCC3C2)C1)CC1C(C)CCC1C,0.99999999,1.0000000050247593e-08,0.0004701056,0.43396225415094336,1.0,"[0.4340, 1.0000]",0.6487399627934148,36,False,False
LIC_01918,Cc1sc2nc(SCC(=O)N(CCO)CCO)n(-c3ccccc3)c(=O)c2c1C,insecticide,CC1C2CCCC2CCC1C1CCCCC1,0.99999999,1.0000000050247593e-08,0.00019699609,0.43396225415094336,1.0,"[0.4340, 1.0000]",0.541395320873996,37,False,False
LIC_01919,O=C(Oc1ccccc1)N1CCC(CNS(=O)(=O)CCN2C(=O)CCCC2=O)CC1,insecticide,CC(CC1CCCCC1)C1CCC(CCC(C)(C)CCC2C(C)CCCC2C)CC1,0.99999999,1.0000000050247593e-08,0.00023441622,0.43396225415094336,1.0,"[0.4340, 1.0000]",0.5559504801490762,38,False,False
LIC_01920,Cc1ccc(-c2nc3ccccc3[nH]2)cc1,insecticide,C1CCC(C2CC3CCCCC3C2)CC1,0.99999999,1.0000000050247593e-08,0.0012004669,0.43396225415094336,1.0,"[0.4340, 1.0000]",0.3868328738812611,39,False,False
LIC_01921,CCN(CC)CCN(C(=O)CN1C(=O)CCC1=O)c1nc2cc3c(cc2s1)OCCO3,insecticide,CC(CC1CC2CC3CCCCC3CC2C1)CC1C(C)CCC1C,0.99999999,1.0000000050247593e-08,0.0008739377,0.43396225415094336,1.0,"[0.4340, 1.0000]",0.6172815847892014,40,False,False
LIC_01922,CC1(C)CC(NS(=O)(=O)c2ccc(Cl)c([N+](=O)[O-])c2)CC(C)(C)N1,insecticide,CC(C)(CC1CCCCC1)C1CCCCC1,0.99999999,1.0000000050247593e-08,0.0003954952,0.43396225415094336,1.0,"[0.4340, 1.0000]",0.6377031885779803,41,False,False
LIC_01923,C=CCn1/c(=N/C(=O)CN2C(=O)CCC2=O)sc2cccc(OCC)c21,insecticide,CC(CC1CC2CCCCC2C1)CC1C(C)CCC1C,0.99999999,1.0000000050247593e-08,0.0005481011,0.43396225415094336,1.0,"[0.4340, 1.0000]",0.5332184200396569,42,False,True
LIC_01924,C=CCn1/c(=N/C(=O)CN2C(=O)CCC2=O)sc2cc(OCC)ccc21,insecticide,CC(CC1CC2CCCCC2C1)CC1C(C)CCC1C,0.99999999,1.0000000050247593e-08,0.00024797418,0.43396225415094336,1.0,"[0.4340, 1.0000]",0.5657637084439766,43,False,True
LIC_01949,O=C(Nc1cccc(-c2nc3ccccc3s2)c1)c1ccc(N2C(=O)CCC2=O)cc1,insecticide,CC(CC1CCCC(C2CC3CCCCC3C2)C1)C1CCC(C2C(C)CCC2C)CC1,0.99999999,1.0000000050247593e-08,0.00023096774,0.43396225415094336,1.0,"[0.4340, 1.0000]",0.5857618201960082,44,False,False
LIC_01951,O=C(Nc1nc2ccccc2s1)c1ccc(Cl)cc1[N+](=O)[O-],insecticide,CC(CC1CC2CCCCC2C1)C1CCCCC1,0.99999999,1.0000000050247593e-08,0.00094236084,0.43396225415094336,1.0,"[0.4340, 1.0000]",0.5672369960060865,45,False,False
LIC_01904,CC(C)c1nnc(NC(=O)c2ccc(Cl)c([N+](=O)[O-])c2)s1,insecticide,CC(CC1CCCC1)C1CCCCC1,0.99999999,1.0000000050247593e-08,0.0009696413,0.43396225415094336,1.0,"[0.4340, 1.0000]",0.4669237006907888,46,False,False
LIC_01952,Cc1ccccc1N1C(=O)CC(Sc2ccccc2C(=O)O)C1=O,insecticide,CC1CC(CC2CCCCC2)C(C)C1C1CCCCC1,0.99999999,1.0000000050247593e-08,0.00035952023,0.43396225415094336,1.0,"[0.4340, 1.0000]",0.5192250771460425,47,False,False
LIC_01975,CCN(C1CCS(=O)(=O)C1)S(=O)(=O)c1ccc(Cl)c([N+](=O)[O-])c1,insecticide,CC1(C)CCC(CC(C)(C)C2CCCCC2)C1,0.99999999,1.0000000050247593e-08,0.0013337794,0.43396225415094336,1.0,"[0.4340, 1.0000]",0.5360563228730083,48,False,False
LIC_01976,COC(=O)c1ccc2nc(NC(=O)c3cccc(N4C(=O)CCC4=O)c3)sc2c1,insecticide,CC(CC1CC2CCCCC2C1)C1CCCC(C2C(C)CCC2C)C1,0.99999999,1.0000000050247593e-08,0.0010146436,0.43396225415094336,1.0,"[0.4340, 1.0000]",0.6047578209206923,49,False,False
LIC_01977,CN(C)c1ccc(N2C(=O)CC(Sc3ccccc3C(=O)O)C2=O)cc1,insecticide,CC1CC(CC2CCCCC2)C(C)C1C1CCCCC1,0.99999999,1.0000000050247593e-08,0.0005645193,0.43396225415094336,1.0,"[0.4340, 1.0000]",0.602241710210404,50,False,True
LIC_01978,O=C(O)/C=C/c1ccc2ccccc2c1,insecticide,C1CCC2CCCCC2C1,0.99999999,1.0000000050247593e-08,0.00051474816,0.43396225415094336,1.0,"[0.4340, 1.0000]",0.31556484418994596,51,False,True
LIC_01979,CCOCCn1/c(=N/C(=O)CN2C(=O)CCC2=O)sc2cc(Br)ccc21,insecticide,CC(CC1CC2CCCCC2C1)CC1C(C)CCC1C,0.99999999,1.0000000050247593e-08,0.00033044736,0.43396225415094336,1.0,"[0.4340, 1.0000]",0.6095190663993374,52,False,False
LIC_01980,Cc1cc(NC(=O)c2ccc(N3C(=O)CCC3=O)cc2)nc2c1c(=O)oc1ccccc12,insecticide,CC(CC1CCC2C(C)CC3CCCCC3C2C1)C1CCC(C2C(C)CCC2C)CC1,0.99999999,1.0000000050247593e-08,0.00063862465,0.43396225415094336,1.0,"[0.4340, 1.0000]",0.6632767230735485,53,False,False
LIC_01981,O=C(O)c1ccc(OCc2ccccc2)c(OCc2ccccc2)c1,insecticide,C1CCC(CCC2CCCCC2CCC2CCCCC2)CC1,0.99999999,1.0000000050247593e-08,0.00084743503,0.43396225415094336,1.0,"[0.4340, 1.0000]",0.3004782906232989,54,False,False
LIC_01982,CCOC(=O)c1sc(NC(=O)c2ccc(N3C(=O)CCC3=O)cc2)c(C(=O)OCC)c1C,insecticide,CC(CC1CCCC1)C1CCC(C2C(C)CCC2C)CC1,0.99999999,1.0000000050247593e-08,0.00036599758,0.43396225415094336,1.0,"[0.4340, 1.0000]",0.5175416308313205,55,False,False
LIC_01983,N#C/C(=C\c1ccco1)C(=O)Nc1ccc([N+](=O)[O-])cc1Cl,insecticide,CC(CCC1CCCC1)CC1CCCCC1,0.99999999,1.0000000050247593e-08,0.0007627302,0.43396225415094336,1.0,"[0.4340, 1.0000]",0.6664112237794992,56,False,False
LIC_01984,CCc1ccccc1N1C(=O)CC(Sc2ccccc2C(=O)O)C1=O,insecticide,CC1CC(CC2CCCCC2)C(C)C1C1CCCCC1,0.99999999,1.0000000050247593e-08,0.00027456798,0.43396225415094336,1.0,"[0.4340, 1.0000]",0.5160539655005634,57,False,False
LIC_01985,COc1ccccc1-c1c(O)c2ccc(O)cc2oc1=O,insecticide,CC1CC2CCCCC2CC1C1CCCCC1,0.99999999,1.0000000050247593e-08,0.0028014511,0.43396225415094336,1.0,"[0.4340, 1.0000]",0.44145199813550845,58,False,True
LIC_01986,O=C(O)c1ccccc1SC1CC(=O)N(c2ccc(F)cc2)C1=O,insecticide,CC1CC(CC2CCCCC2)C(C)C1C1CCCCC1,0.99999999,1.0000000050247593e-08,0.0011139549,0.43396225415094336,1.0,"[0.4340, 1.0000]",0.5778423023438031,59,False,False
LIC_01987,O=S(=O)(Oc1cccc(Cl)c1Cl)c1ccccc1,insecticide,CC(C)(CC1CCCCC1)C1CCCCC1,0.99999999,1.0000000050247593e-08,0.0018599347,0.43396225415094336,1.0,"[0.4340, 1.0000]",0.4987273366538464,60,False,False
LIC_01988,O=C(CN1C(=O)CCC1=O)Nc1nc(-c2ccccc2)c(-c2ccccc2)s1,insecticide,CC(CC1CC(C2CCCCC2)C(C2CCCCC2)C1)CC1C(C)CCC1C,0.99999999,1.0000000050247593e-08,0.00050743215,0.43396225415094336,1.0,"[0.4340, 1.0000]",0.5312078123088276,61,False,True
LIC_01989,CC(C)(C)c1ccc(/C=C/C(=O)O)cc1,insecticide,C1CCCCC1,0.99999999,1.0000000050247593e-08,0.0012358857,0.43396225415094336,1.0,"[0.4340, 1.0000]",0.30272366838530856,62,False,False
LIC_01990,Cc1ccc(/C=C(/C#N)C(=O)Nc2ccc(Cl)cc2[N+](=O)[O-])o1,insecticide,CC(CCC1CCCC1)CC1CCCCC1,0.99999999,1.0000000050247593e-08,0.00035003712,0.43396225415094336,1.0,"[0.4340, 1.0000]",0.6772331557206549,63,False,False
LIC_01991,CNC(=O)c1c(NC(=O)c2cccc(N3C(=O)CCC3=O)c2)sc2c1CCN(C(=O)OC)C2,insecticide,CC(CC1CC2CCCCC2C1)C1CCCC(C2C(C)CCC2C)C1,0.99999999,1.0000000050247593e-08,0.0009886585,0.43396225415094336,1.0,"[0.4340, 1.0000]",0.7097931768278444,64,False,False
LIC_01992,O=C(Nc1nc2cc3c(cc2s1)OCO3)c1ccc(N2C(=O)CCC2=O)cc1,insecticide,CC(CC1CC2CC3CCCC3CC2C1)C1CCC(C2C(C)CCC2C)CC1,0.99999999,1.0000000050247593e-08,0.0005082237,0.43396225415094336,1.0,"[0.4340, 1.0000]",0.6475422901948764,65,False,False
LIC_01993,COc1ccc(-c2c(O)c3ccc(O)cc3oc2=O)cc1OC,insecticide,CC1CC2CCCCC2CC1C1CCCCC1,0.99999999,1.0000000050247593e-08,0.00047274627,0.43396225415094336,1.0,"[0.4340, 1.0000]",0.4904455148282576,66,False,True
LIC_01974,O=C(Nc1nc2ccccc2s1)c1ccc([N+](=O)[O-])cc1Cl,insecticide,CC(CC1CC2CCCCC2C1)C1CCCCC1,0.99999999,1.0000000050247593e-08,0.0016098872,0.43396225415094336,1.0,"[0.4340, 1.0000]",0.5728970116931884,67,False,True
LIC_01973,CCOC(=O)c1[nH]c2ccccc2c1NC(=O)c1ccc(N2C(=O)CCC2=O)cc1,insecticide,CC(CC1CCC2CCCCC21)C1CCC(C2C(C)CCC2C)CC1,0.99999999,1.0000000050247593e-08,0.0001990519,0.43396225415094336,1.0,"[0.4340, 1.0000]",0.6313120905931789,68,False,True
LIC_01972,O=C(Nc1ccc(-c2ccc(N3CCOCC3)nn2)cc1)c1ccc([N+](=O)[O-])cc1Cl,insecticide,CC(CC1CCC(C2CCC(C3CCCCC3)CC2)CC1)C1CCCCC1,0.99999999,1.0000000050247593e-08,0.00041621906,0.43396225415094336,1.0,"[0.4340, 1.0000]",0.7199412820313533,69,False,True
LIC_01961,CCCn1cnc2c1c(=O)n(C)c(=O)n2C,insecticide,CC1CC(C)C2CCCC2C1,0.99999999,1.0000000050247593e-08,0.0025793838,0.43396225415094336,1.0,"[0.4340, 1.0000]",0.44657112510176383,70,False,False
LIC_01953,CCOC(=O)Cn1/c(=N/C(=O)CN2C(=O)CCC2=O)sc2c(C)cc(C)cc21,insecticide,CC(CC1CC2CCCCC2C1)CC1C(C)CCC1C,0.99999999,1.0000000050247593e-08,0.00037135338,0.43396225415094336,1.0,"[0.4340, 1.0000]",0.6018113799297424,71,False,False
LIC_01954,CN1/C(=C(\C#N)C(=O)c2cccc(N3C(=O)CCC3=O)c2)Nc2ccccc21,insecticide,CC(CC1CC2CCCCC2C1)C1CCCC(C2C(C)CCC2C)C1,0.99999999,1.0000000050247593e-08,0.0003025025,0.43396225415094336,1.0,"[0.4340, 1.0000]",0.46408234291744366,72,False,False
LIC_01955,CCOC(=O)N1CCc2c(sc(NC(=O)c3cccc(N4C(=O)CCC4=O)c3)c2C#N)C1,insecticide,CC(CC1CC2CCCCC2C1)C1CCCC(C2C(C)CCC2C)C1,0.99999999,1.0000000050247593e-08,0.00033489498,0.43396225415094336,1.0,"[0.4340, 1.0000]",0.7187979615621768,73,False,True
LIC_01956,O=C(CN1C(=O)CCC1=O)Nc1ccc(Cc2ccc(NC(=O)CN3C(=O)CCC3=O)cc2)cc1,insecticide,CC(CC1CCC(CC2CCC(CC(C)CC3C(C)CCC3C)CC2)CC1)CC1C(C)CCC1C,0.99999999,1.0000000050247593e-08,0.00034652848,0.43396225415094336,1.0,"[0.4340, 1.0000]",0.4393470333220569,74,False,False
LIC_01957,Cc1ccc2nc(-c3ccc(NC(=O)c4ccc(N5C(=O)CCC5=O)cc4)cc3)sc2c1,insecticide,CC(CC1CCC(C2CC3CCCCC3C2)CC1)C1CCC(C2C(C)CCC2C)CC1,0.99999999,1.0000000050247593e-08,0.00013794393,0.43396225415094336,1.0,"[0.4340, 1.0000]",0.6107229955258603,75,False,True
LIC_01958,CC(=O)N1CCN(C(=S)c2ccc(-c3ccc(Cl)cc3[N+](=O)[O-])o2)CC1,insecticide,CC(C1CCCCC1)C1CCC(C2CCCCC2)C1,0.99999999,1.0000000050247593e-08,0.0008469238,0.43396225415094336,1.0,"[0.4340, 1.0000]",0.610553849650411,76,False,False
LIC_01959,Cc1ccc2nc(-c3ccccc3)[nH]c2c1,insecticide,C1CCC(C2CC3CCCCC3C2)CC1,0.99999999,1.0000000050247593e-08,0.00083778054,0.43396225415094336,1.0,"[0.4340, 1.0000]",0.39826606256970515,77,False,False
LIC_01960,Cc1nn(CC(O)Cn2c(C)c(C)c3ccccc32)c(C)c1Cl,insecticide,C1CCC(CCCC2CCC3CCCCC32)C1,0.99999999,1.0000000050247593e-08,0.0022408194,0.43396225415094336,1.0,"[0.4340, 1.0000]",0.6588999539245657,78,False,True
LIC_01962,O=C(c1cc(-c2cccc(F)c2)n[nH]1)N1CC(=O)N(CCc2ccccc2)C(=O)C1,insecticide,CC1CC(C(C)C2CCC(C3CCCCC3)C2)CC(C)C1CCC1CCCCC1,0.99999999,1.0000000050247593e-08,0.00015298474,0.43396225415094336,1.0,"[0.4340, 1.0000]",0.6120013789041813,79,False,False
LIC_01971,N#CCCN1CCN(C(=S)c2ccc(-c3ccc([N+](=O)[O-])cc3Cl)o2)CC1,insecticide,CC(C1CCCCC1)C1CCC(C2CCCCC2)C1,0.99999999,1.0000000050247593e-08,0.0012928182,0.43396225415094336,1.0,"[0.4340, 1.0000]",0.6692443625277515,80,False,True
LIC_01963,O=C(Nc1nc(-c2ccc3ccccc3c2)cs1)c1ccc(N2C(=O)CCC2=O)cc1,insecticide,CC(CC1CCC(C2CCC3CCCCC3C2)C1)C1CCC(C2C(C)CCC2C)CC1,0.99999999,1.0000000050247593e-08,0.00047514754,0.43396225415094336,1.0,"[0.4340, 1.0000]",0.6633842944581056,81,False,False
LIC_01964,O=C(Nc1nc(-c2cccc3ccccc23)cs1)c1ccc(N2C(=O)CCC2=O)cc1,insecticide,CC(CC1CCC(C2CCCC3CCCCC32)C1)C1CCC(C2C(C)CCC2C)CC1,0.99999999,1.0000000050247593e-08,0.00044890316,0.43396225415094336,1.0,"[0.4340, 1.0000]",0.6508370160786271,82,False,False
LIC_01965,COC(=O)c1sc2ccccc2c1NC(=O)c1cccc(N2C(=O)CCC2=O)c1,insecticide,CC(CC1CCC2CCCCC21)C1CCCC(C2C(C)CCC2C)C1,0.99999999,1.0000000050247593e-08,0.0004087763,0.43396225415094336,1.0,"[0.4340, 1.0000]",0.5695630415236417,83,True,False
LIC_01966,O=C(Nc1ccc([N+](=O)[O-])cc1Cl)c1cccc(S(=O)(=O)N2CCOCC2)c1,insecticide,CC(CC1CCCCC1)C1CCCC(C(C)(C)C2CCCCC2)C1,0.99999999,1.0000000050247593e-08,0.0006889776,0.43396225415094336,1.0,"[0.4340, 1.0000]",0.6096651195060864,84,False,False
LIC_01967,COC(=O)c1sc2ccccc2c1NC(=O)c1ccc(N2C(=O)CCC2=O)cc1,insecticide,CC(CC1CCC2CCCCC21)C1CCC(C2C(C)CCC2C)CC1,0.99999999,1.0000000050247593e-08,0.00042529692,0.43396225415094336,1.0,"[0.4340, 1.0000]",0.5696497596781457,85,False,False
LIC_01968,Cc1ccc(CCC(=O)Nc2ccc(Cl)c([N+](=O)[O-])c2)o1,insecticide,CC(CCC1CCCC1)CC1CCCCC1,0.99999999,1.0000000050247593e-08,0.00032866703,0.43396225415094336,1.0,"[0.4340, 1.0000]",0.6743583343146142,86,False,True
LIC_01969,Cc1cccc(C(=O)NNC2CC(=O)N(c3ccc(Cl)cc3)C2=O)c1,insecticide,CC(CCC1CC(C)C(C2CCCCC2)C1C)C1CCCCC1,0.99999999,1.0000000050247593e-08,0.00097546895,0.43396225415094336,1.0,"[0.4340, 1.0000]",0.35491642013893976,87,False,False
LIC_01970,O=C(Nc1cccc(-c2ccc(N3CCOCC3)nn2)c1)c1ccc([N+](=O)[O-])cc1Cl,insecticide,CC(CC1CCCC(C2CCC(C3CCCCC3)CC2)C1)C1CCCCC1,0.99999999,1.0000000050247593e-08,0.0005766216,0.43396225415094336,1.0,"[0.4340, 1.0000]",0.7085602354384041,88,False,False
LIC_01905,O=C(CN1C(=O)CCC1=O)Nc1ccc(-c2nc3ccccc3s2)c(O)c1,insecticide,CC(CC1CCC(C2CC3CCCCC3C2)CC1)CC1C(C)CCC1C,0.99999999,1.0000000050247593e-08,0.0006226483,0.43396225415094336,1.0,"[0.4340, 1.0000]",0.5260403361210207,89,False,True
LIC_01903,CCNc1nc(NCC)nc(Sc2ccc([N+](=O)[O-])cc2[N+](=O)[O-])n1,insecticide,C1CCC(CC2CCCCC2)CC1,0.99999999,1.0000000050247593e-08,0.00029116188,0.43396225415094336,1.0,"[0.4340, 1.0000]",0.668017644823722,90,False,False
LIC_01441,Cc1ccc(NC2CC(=O)N(c3ccc(N4CCCCC4)cc3)C2=O)cc1,insecticide,CC1CC(CC2CCCCC2)C(C)C1C1CCC(C2CCCCC2)CC1,0.99999999,1.0000000050247593e-08,0.00026231297,0.43396225415094336,1.0,"[0.4340, 1.0000]",0.5290491143493616,91,False,True
LIC_01858,CC(=O)OCC(=O)C1CCC2C3CC=C4CC(O)CCC4(C)C3CCC12C,insecticide,C1CCC2C(C1)CCC1C3CCCC3CCC21,0.99999999,1.0000000050247593e-08,0.0008495959,0.43396225415094336,1.0,"[0.4340, 1.0000]",0.6380177626975421,92,False,False
LIC_01837,CS(=O)(=O)N1CCCc2cc(NC(=O)c3ccc([N+](=O)[O-])cc3Cl)ccc21,insecticide,CC(CC1CCC2CCCCC2C1)C1CCCCC1,0.99999999,1.0000000050247593e-08,0.0002170335,0.43396225415094336,1.0,"[0.4340, 1.0000]",0.6215289680624814,93,False,False
LIC_01838,CCN(CC)CCN(C(=O)CN1C(=O)CCC1=O)c1nc2c(Cl)cccc2s1,insecticide,CC(CC1CC2CCCCC2C1)CC1C(C)CCC1C,0.99999999,1.0000000050247593e-08,0.00030171307,0.43396225415094336,1.0,"[0.4340, 1.0000]",0.5024304394454406,94,False,False
LIC_01839,COc1ccc(S(=O)(=O)Nc2cc(Cl)c(O)c(Cl)c2)cc1,insecticide,CC(C)(CC1CCCCC1)C1CCCCC1,0.99999999,1.0000000050247593e-08,0.00050932507,0.43396225415094336,1.0,"[0.4340, 1.0000]",0.4444550876194433,95,False,False
LIC_01840,CCOCCn1/c(=N/C(=O)CN2C(=O)CCC2=O)sc2cc(F)ccc21,insecticide,CC(CC1CC2CCCCC2C1)CC1C(C)CCC1C,0.99999999,1.0000000050247593e-08,0.00033079178,0.43396225415094336,1.0,"[0.4340, 1.0000]",0.6410101256931852,96,False,False
LIC_01841,COC(=O)Cn1/c(=N/C(=O)CN2C(=O)CCC2=O)sc2cc(C)ccc21,insecticide,CC(CC1CC2CCCCC2C1)CC1C(C)CCC1C,0.99999999,1.0000000050247593e-08,0.00072047574,0.43396225415094336,1.0,"[0.4340, 1.0000]",0.5223835270130978,97,False,False
LIC_01842,CC1CN(CC(O)Cn2c3ccccc3c3ccccc32)CC(C)O1,insecticide,C1CCC(CCCC2C3CCCCC3C3CCCCC32)CC1,0.99999999,1.0000000050247593e-08,0.0011224545,0.43396225415094336,1.0,"[0.4340, 1.0000]",0.49333140655063623,98,False,False
LIC_01843,CCOc1cccc2sc(N(CCCN(C)C)C(=O)CN3C(=O)CCC3=O)nc12,insecticide,CC(CC1CC2CCCCC2C1)CC1C(C)CCC1C,0.99999999,1.0000000050247593e-08,0.0006812642,0.43396225415094336,1.0,"[0.4340, 1.0000]",0.6003731104038155,99,False,False
LIC_01844,NC(=S)N/N=C/c1ccc(O)cc1,insecticide,C1CCCCC1,0.99999999,1.0000000050247593e-08,0.006641875,0.43396225415094336,1.0,"[0.4340, 1.0000]",0.4159218556760732,100,False,False
