Compound_ID,SMILES,InChIKey,Molecular_Formula,MW_Da,p_repellent,OOD_Score,Target_Species,PubChem_CID
REP_00001,CC(C)=CCC/C(C)=C/COC(=O)c1cc(-c2ccccc2)nn1-c1ccc([N+](=O)[O-])cc1,FOZBUHJBPFKESM-CAPFRKAQSA-N,C26H27N3O4,445.2002,0.99999999,0.46701279100775533,Aedes aegypti,52920578
REP_00002,CC(C)=CCC/C(C)=C/COC(=O)c1cc(C(C)C)nn1-c1ccc([N+](=O)[O-])cc1,CHSUSWDWCXKNKB-QGOAFFKASA-N,C23H29N3O4,411.2158,0.99999999,0.45632184062719766,Aedes aegypti,52920575
REP_00003,CCCOC(=O)CC(O)(CC(=O)OCCC)C(=O)OCCC,ODHUFJLMXDXVRC-UHFFFAOYSA-N,C15H26O7,318.1679,0.99999999,0.43939572236967694,Aedes aegypti,74113
REP_00004,CCOC(=O)N(C(=O)OCC)C(=O)OCC,WMXDFLUIDJYHMF-UHFFFAOYSA-N,C9H15NO6,233.0899,0.99999999,0.4040053965162942,Aedes aegypti,76671
REP_00005,CC1(C)C(C=C(Cl)Cl)C1C(=O)OC(C#N)c1cccc(Oc2ccccc2)c1,KAATUXNTWXVJKI-UHFFFAOYSA-N,C22H19Cl2NO3,415.0742,0.99999999,0.683073765149291,Aedes aegypti,2912
REP_00006,CC(C)(COC(=O)CCl)[N+](=O)[O-],TYKRYWSLMKDDAU-UHFFFAOYSA-N,C6H10ClNO4,195.0298,0.05263157894736842,0.5139461095805223,Aedes aegypti,154346602
REP_00007,C=C(C)[C@H]1Cc2c(ccc3c2O[C@@H]2COc4cc(OC)c(OC)cc4[C@@H]2C3=O)O1,JUVIOZPCNVVQFO-HBGVWJBISA-N,C23H22O6,394.1416,0.99999999,1.0,Aedes aegypti,6758
REP_00008,CCCCOCCOCC(=O)NC(=O)OCCCC,OHXLMTKMPUGANV-UHFFFAOYSA-N,C13H25NO5,275.1733,0.99999999,0.5542874621562863,Aedes aegypti,
REP_00009,O=C1NC(=O)c2c1cccc2[N+](=O)[O-],BONIIQYTWOPUQI-UHFFFAOYSA-N,C8H4N2O4,192.0171,0.99999999,0.7004765764505768,Aedes aegypti,11779
REP_00010,c1cc2c(cc1CCCCOCCCCc1ccc3c(c1)OCO3)OCO2,CMNIOEMEVLGZGE-UHFFFAOYSA-N,C22H26O5,370.178,0.99999999,0.4161720834680652,Aedes aegypti,141224260
REP_00011,CC1(C)C(C=C(Cl)Cl)C1C(=O)OCc1cccc(Oc2ccccc2)c1,RLLPVAHGXHCWKJ-UHFFFAOYSA-N,C21H20Cl2O3,390.0789,0.99999999,0.40939761716473333,Aedes aegypti,40326
REP_00012,C=C/C=C/CC1=C(C)[C@@H](OC(=O)[C@@H]2[C@@H](/C=C(\C)C(=O)OC)C2(C)C)CC1=O,VJFUPGQZSXIULQ-QYVAASDLSA-N,C22H28O5,372.1937,0.99999999,0.7833797747691262,Aedes aegypti,6433155
REP_00013,CC(C)C1OCC(C)([N+](=O)[O-])CO1,GDCZMRZHWQTAHN-UHFFFAOYSA-N,C8H15NO4,189.1001,0.8695652173913043,0.5368072936959487,Aedes aegypti,13040515
REP_00014,CC(=O)OC[C@](C)(O)C(=O)OCCC(C)C,HJOWXBVJJZTCHX-NSHDSACASA-N,C11H20O5,232.1311,0.99999999,0.5191487690366208,Aedes aegypti,
REP_00015,C=C(CC1CC/C(=N/OC(=O)CCCCl)C1CCCCC)OC/C=C(\C)CCC=C(C)C,MGOHLGKFUMZMJA-KZEDTELPSA-N,C27H44ClNO3,465.301,0.99999999,0.3073687774076182,Aedes aegypti,
REP_00016,CCCCOC(=O)C[C@H](O)C(=O)OCCCC,PDSCSYLDRHAHOX-JTQLQIEISA-N,C12H22O5,246.1467,0.99999999,0.36457240937630203,Aedes aegypti,95385
REP_00017,CCCCOP(=O)(OCCCC)OCCCC,STCOOQWBFONSKY-UHFFFAOYSA-N,C12H27O4P,266.1647,0.99999999,0.40498967545380526,Aedes aegypti,31357
REP_00018,CCCOC(=O)c1ccc(C(=O)OCCC)nc1,IITCWRFYJWUUPC-UHFFFAOYSA-N,C13H17NO4,251.1158,0.99999999,0.5476162019255898,Aedes aegypti,8693
REP_00019,CCOC(=O)C(C)C(C#N)C(=O)OCC,YGEGVBWONVKDHX-UHFFFAOYSA-N,C10H15NO4,213.1001,0.99999999,0.47328823822950733,Aedes aegypti,249809
REP_00020,CCOC(=O)CCC1(C)OCC(COC)O1,GBJCKNLHNSXPAM-UHFFFAOYSA-N,C11H20O5,232.1311,0.99999999,0.7582521571439502,Aedes aegypti,245458
REP_00021,O[C@H](c1ccccc1Cl)C(Cl)(Cl)Cl,CFMLFQVQUCIPIX-SSDOTTSWSA-N,C8H6Cl4O,257.9173,0.9088934363610177,0.5038931277136786,Aedes aegypti,221276
REP_00022,CC(C)=CCC/C(C)=C/COC(=O)c1cc(-c2ccccc2)nn1C(C)(C)C,HRQYCIIBJOQVMJ-XDJHFCHBSA-N,C24H32N2O2,380.2464,0.99999999,0.44768769818687787,Aedes aegypti,52920576
REP_00023,CC(C)=CCC/C(C)=C/COC(=O)c1cc(C)nn1C(C)(C)C,SVWVMWIAKBOMCH-RVDMUPIBSA-N,C19H30N2O2,318.2307,0.99999999,0.3821098703918041,Aedes aegypti,52921547
REP_00024,COc1cc(CNC(=O)CCCC/C=C/C(C)C)ccc1O,YKPUWZUDDOIDPM-SOFGYWHQSA-N,C18H27NO3,305.1991,0.99999999,0.5977858539993063,Aedes aegypti,548943
REP_00025,CC(C)=CCC/C(C)=C/COC(=O)c1c(F)cccc1F,DCRNWHSATSVXGC-JLHYYAGUSA-N,C17H20F2O2,294.1431,0.99999999,0.5850276726708238,Aedes aegypti,52920640
REP_00026,CC(C)=CCC/C(C)=C/COC(=O)c1cc(-c2ccccc2)nn1-c1ccccc1,CUSYZGZRDAJYFS-HEHNFIMWSA-N,C26H28N2O2,400.2151,0.99999999,0.3902709597836876,Aedes aegypti,52920577
REP_00027,CC(C)=CCC/C(C)=C/COC(=O)c1cc(C)nn1-c1ccccc1,GKISULDNYAUNTL-GHRIWEEISA-N,C21H26N2O2,338.1994,0.99999999,0.3741322747827973,Aedes aegypti,52921548
REP_00028,CC(C)OC(=O)CCC(=O)N(C(C)C)C(C)C,XCCJHTUANVHLEA-UHFFFAOYSA-N,C13H25NO3,243.1834,0.99999999,0.202957900977859,Aedes aegypti,249227
REP_00029,COC(=O)CCCCC(=O)N(C(C)C)C(C)C,OKDBCLDDUYQSGA-UHFFFAOYSA-N,C13H25NO3,243.1834,0.99999999,0.2143698512318784,Aedes aegypti,245404
REP_00030,CC(C)=CCC/C(C)=C/COC(=O)c1cc(C(C)C)nn1-c1ccccc1,NEHHMFTZYFJTKB-XMHGGMMESA-N,C23H30N2O2,366.2307,0.99999999,0.3734293400937115,Aedes aegypti,52920574
REP_00031,CC(C)=CCC/C(C)=C/COC(=O)c1cc(C(C)C)nn1C(C)(C)C,VILDBNRLFYLAMS-SFQUDFHCSA-N,C21H34N2O2,346.262,0.99999999,0.37865036331981033,Aedes aegypti,52921551
REP_00032,CC(=O)COC(=O)C1(O)CCCCC1,KTFWMELRPMXQHE-UHFFFAOYSA-N,C10H16O4,200.1049,0.99999999,0.3312030891471475,Aedes aegypti,55601701
REP_00033,CC1(CC(=O)OC2CCCCC2)OCCO1,RCEPTYPDPKFZAR-UHFFFAOYSA-N,C12H20O4,228.1362,0.99999999,0.2967951272918115,Aedes aegypti,
REP_00034,CC[C@H](C)OC(=O)CCC(=O)N(C(C)C)C(C)C,WWXDEOPXZSMZFZ-LBPRGKRZSA-N,C14H27NO3,257.1991,0.99999999,0.2127931346403463,Aedes aegypti,
REP_00035,CC[C@H](C)OC(=O)CCC(=O)N(CC)CC,SNSCLSFFZQGNQF-JTQLQIEISA-N,C12H23NO3,229.1678,0.99999999,0.19380545974380228,Aedes aegypti,
REP_00036,CCC(C)OC(=O)N1CCCCC1CCO,QLHULAHOXSSASE-UHFFFAOYSA-N,C12H23NO3,229.1678,0.99999999,0.6764852765471989,Aedes aegypti,125098
REP_00037,CCC(=O)Oc1ccccc1C(=O)OC,PYBKJYXFTAFKIO-UHFFFAOYSA-N,C11H12O4,208.0736,0.99999999,0.25307582808402196,Aedes aegypti,836916
REP_00038,CCCC(=O)OCCN(CC)C(=O)CCC,WIDCBXCSJKGBEW-UHFFFAOYSA-N,C12H23NO3,229.1678,0.99999999,0.41290537019220314,Aedes aegypti,245382
REP_00039,C=C(CC1CC/C(=N/OC(=O)C(C)(C)CC)C1CCCCC)OC/C=C(\C)CCC=C(C)C,AQMRZNLWDKCLCM-DRMRTFAXSA-N,C29H49NO3,459.3712,0.99999999,0.5339506708808964,Aedes aegypti,
REP_00040,C=C(CC1CC/C(=N/OC(=O)C2CC2)C1CCCCC)OC/C=C(\C)CCC=C(C)C,LICRVGGUWYCAGY-JAAYKZSGSA-N,C27H43NO3,429.3243,0.99999999,0.20457621579794885,Aedes aegypti,
REP_00041,C=C(CC1CC/C(=N/OC(=O)C2CCC2)C1CCCCC)OC/C=C(\C)CCC=C(C)C,WWXXEOXENNQCBB-IKBCAMPVSA-N,C28H45NO3,443.3399,0.99999999,0.20417989448092605,Aedes aegypti,
REP_00042,C=C(CC1CC/C(=N/OC(=O)C2CCCC2)C1CCCCC)OC/C=C(\C)CCC=C(C)C,UBWPBMNFVAJXCV-PUAUDHHESA-N,C29H47NO3,457.3556,0.99999999,0.19983011779483387,Aedes aegypti,
REP_00043,C=C(CC1CC/C(=N/OC(=O)CC)C1CCCCC)OC/C=C(\C)CCC=C(C)C,LGRXROAWYJSBMY-LKYVFCPNSA-N,C26H43NO3,417.3243,0.99999999,0.29784535205452556,Aedes aegypti,
REP_00044,C=CCC(=O)O/N=C1/CCC(CC(=C)OC/C=C(\C)CCC=C(C)C)C1CCCCC,KGYIJSNMMDHLCL-JXHDRPAUSA-N,C27H43NO3,429.3243,0.99999999,0.3977329101318566,Aedes aegypti,
REP_00045,C=CCCC(=O)O/N=C1/CCC(CC(=C)OC/C=C(\C)CCC=C(C)C)C1CCCCC,JQJHIMFKUMWFHY-DRPAJOLBSA-N,C28H45NO3,443.3399,0.99999999,0.34398059231854333,Aedes aegypti,
REP_00046,C=C(CC1CC/C(=N/OC(=O)CCCCC)C1CCCCC)OC/C=C(\C)CCC=C(C)C,KCHVIKPYYFBRAV-OQVVGELLSA-N,C29H49NO3,459.3712,0.99999999,0.24991320393188846,Aedes aegypti,
REP_00047,C=C(CC1CC/C(=N/OC(=O)c2ccccc2)C1CCCCC)OC/C=C(\C)CCC=C(C)C,FGLKHBPMYXNBOC-UWKKQAPASA-N,C30H43NO3,465.3243,0.99999999,0.3213529045565104,Aedes aegypti,
REP_00048,CCCCN(CCC(=O)OCC)C(C)=O,VZRKEAFHFMSHCD-UHFFFAOYSA-N,C11H21NO3,215.1521,0.99999999,0.32496461031258006,Aedes aegypti,104150
REP_00049,CCCCN(CCOC(=O)CC)C(=O)CC,CUKHPXLJKGYCGU-UHFFFAOYSA-N,C12H23NO3,229.1678,0.99999999,0.35881028769253587,Aedes aegypti,245384
REP_00050,CCCCOC(=O)/C=C/C(=O)OCCCC,JBSLOWBPDRZSMB-BQYQJAHWSA-N,C12H20O4,228.1362,0.99999999,0.24059365359668117,Aedes aegypti,5271570
REP_00051,CCCCOC(=O)C1=CC(=O)CC(C)(C)O1,OKIJSNGRQAOIGZ-UHFFFAOYSA-N,C12H18O4,226.1205,0.99999999,0.34469454632848023,Aedes aegypti,10760
REP_00052,CCCCOC(=O)CN1CCOCC1,RXLQKAXLSHPIFI-UHFFFAOYSA-N,C10H19NO3,201.1365,0.99999999,0.455064785998342,Aedes aegypti,59204117
REP_00053,CCCCOCCOC(=O)C1(O)CCCC1,CFGLHIIXIIBIDF-UHFFFAOYSA-N,C12H22O4,230.1518,0.99999999,0.18779040743058983,Aedes aegypti,245377
REP_00054,CCCCOCCOC(=O)C1(O)CCCCC1,MFAHPLOGYBDMIF-UHFFFAOYSA-N,C13H24O4,244.1675,0.99999999,0.18609388558863155,Aedes aegypti,248371
REP_00055,CCCN(CCC)C(=O)CCC(=O)O[C@@H](C)CC,AQDPLOFXDUZUAK-LBPRGKRZSA-N,C14H27NO3,257.1991,0.99999999,0.20268486646406517,Aedes aegypti,245414
REP_00056,CCCN(CCC)C(=O)CCC(=O)OCC,RKOVACICPIRRED-UHFFFAOYSA-N,C12H23NO3,229.1678,0.99999999,0.15707372355590257,Aedes aegypti,82404
REP_00057,CCCOC(=O)CCC(=O)N(CCC)CCC,QYPCSIWAKGGAFC-UHFFFAOYSA-N,C13H25NO3,243.1834,0.99999999,0.17021508352094827,Aedes aegypti,245404
REP_00058,CCCN(CCC)C(=O)CCCC(=O)OCC,GNLVQVJMCKVPJU-UHFFFAOYSA-N,C13H25NO3,243.1834,0.99999999,0.2242786087871356,Aedes aegypti,245403
REP_00059,CCCOC(=O)CCC(=O)N(C(C)C)C(C)C,GNANEQXTQWNBAZ-UHFFFAOYSA-N,C13H25NO3,243.1834,0.99999999,0.19889310232308918,Aedes aegypti,249228
REP_00060,CCCOC(=O)CCC(=O)N(CC)CC,UZCDZCKZKAMXMC-UHFFFAOYSA-N,C11H21NO3,215.1521,0.99999999,0.16571852640304213,Aedes aegypti,79913
REP_00061,CCCc1cc(C(=O)OC/C=C(\C)CCC=C(C)C)n(-c2ccccc2)n1,FQGSPNWOZUYZSH-XDJHFCHBSA-N,C23H30N2O2,366.2307,0.99999999,0.38686258852485034,Aedes aegypti,52921550
REP_00062,CCCc1cc(C(=O)OC/C=C(\C)CCC=C(C)C)n(C(C)(C)C)n1,ZWCGHMUFMOUSSG-GHRIWEEISA-N,C21H34N2O2,346.262,0.99999999,0.39649689874853156,Aedes aegypti,52921549
REP_00063,CCOC(=O)/C=C\C(=O)N(CC)CC,ZSLXUJMRRXVLBF-FPLPWBNLSA-N,C10H17NO3,199.1208,0.99999999,0.4625211207377529,Aedes aegypti,
REP_00064,CCN(CC)C(=O)CCC(=O)OC(C)C,WLAIEXGYZQAFTH-UHFFFAOYSA-N,C11H21NO3,215.1521,0.99999999,0.18594348375578731,Aedes aegypti,
REP_00065,CCOC(=O)CCC(=O)N(CC)CC,ILXMMLXNGGTPIM-UHFFFAOYSA-N,C10H19NO3,201.1365,0.99999999,0.14073764646056788,Aedes aegypti,347845
REP_00066,CCN(CC)C(=O)CCCC(=O)OC,PRFNMZJBASGWBD-UHFFFAOYSA-N,C10H19NO3,201.1365,0.99999999,0.22945922331224175,Aedes aegypti,12618393
REP_00067,CCOC(=O)CCCCC(=O)N(CC)CC,CAFJZYMPWONECK-UHFFFAOYSA-N,C12H23NO3,229.1678,0.99999999,0.1809374309812017,Aedes aegypti,245385
REP_00068,CCOC(=O)C(=O)[C@@H]1CCCCC1=O,SIQOFNOENHOIFT-SSDOTTSWSA-N,C10H14O4,198.0892,0.99999999,0.4129146652153763,Aedes aegypti,219637
REP_00069,CCOC(=O)C1=CC(=O)CC(C)(C)O1,XNMFBVRJDPJTDH-UHFFFAOYSA-N,C10H14O4,198.0892,0.99999999,0.342903829097752,Aedes aegypti,225938
REP_00070,CCOC(=O)C1=C2CCC(C2)C1C(=O)OCC,RYQMZFLBQFTYQS-UHFFFAOYSA-N,C13H18O4,238.1205,0.99999999,0.5489161040302245,Aedes aegypti,19795045
REP_00071,CCOC(=O)CCCC(=O)N(C(C)C)C(C)C,VGAJVYHZZNGSKR-UHFFFAOYSA-N,C13H25NO3,243.1834,0.99999999,0.22776166275608095,Aedes aegypti,245405
REP_00072,CCOC(=O)c1ccccc1C(=O)OC,HGERXYZHJFOFNE-UHFFFAOYSA-N,C11H12O4,208.0736,0.99999999,0.22372223793288945,Aedes aegypti,36656
REP_00073,CCOCCOC(=O)C1(O)CCCCC1,JQKXMVKRNAHXOQ-UHFFFAOYSA-N,C11H20O4,216.1362,0.99999999,0.2301948759345871,Aedes aegypti,245457
REP_00074,COC(=O)C1=C2CC[C@H](C2)[C@@H]1C(=O)OC,BVHFJUMZSONASW-SVRRBLITSA-N,C11H14O4,210.0892,0.99999999,0.5418336520312284,Aedes aegypti,
REP_00075,COC(=O)[C@@H]1[C@H](C(=O)OC)[C@@H]2C=C[C@H]1C2,VGQLNJWOULYVFV-SPJNRGJMSA-N,C11H14O4,210.0892,0.99999999,0.5830517356052404,Aedes aegypti,10921747
REP_00076,COC(=O)c1ccccc1C(=O)OC,NIQCNGHVCWTJSM-UHFFFAOYSA-N,C10H10O4,194.0579,0.99999999,0.2002107837512993,Aedes aegypti,8554
REP_00077,NC(=O)C(=O)O,SOWBFZRMHSNYGE-UHFFFAOYSA-N,C2H3NO3,89.0113,0.047619047619047616,0.36460272925108544,Aedes aegypti,974
REP_00078,O=C(CCCl)OC[C@H]1CCCO1,GOKMPKJTXRTDFE-SSDOTTSWSA-N,C8H13ClO3,192.0553,0.22,0.5744460039062174,Aedes aegypti,551317
REP_00079,C=C(Cl)COC(=O)Cc1ccccc1,PPWYQXJZXLJCBY-UHFFFAOYSA-N,C11H11ClO2,210.0448,0.99999999,0.41269075411204664,Aedes aegypti,139889166
REP_00080,C=CCS[S@](=O)CC=C,JDLKFOPOAOFWQN-VIFPVBQESA-N,C6H10OS2,162.0173,0.19672131147540983,0.6460680184559632,Aedes aegypti,65036
REP_00081,C=CCC1=C(C)C(OC(=O)C2C(C=C(C)C)C2(C)C)CC1=O,ZCVAOQKBXKSDMS-UHFFFAOYSA-N,C19H26O3,302.1882,0.99999999,0.6852657689659184,Aedes aegypti,11442
REP_00082,CC1(C)OC(=O)[C@@H](c2ccccc2)O1,JKKLKPFEVGIRGI-SECBINFHSA-N,C11H12O3,192.0786,0.99999999,0.6111578140248465,Aedes aegypti,236010
REP_00083,CC(C)=CCC/C(C)=C/COC(=O)c1ccc(Br)cc1,DZZYLTXXLXPPPS-SDNWHVSQSA-N,C17H21BrO2,336.0725,0.99999999,0.2764679890454911,Aedes aegypti,52920580
REP_00084,CC(C)CCOC(=O)CC1(O)CCCCC1,YPZJKRRAQSWQCI-UHFFFAOYSA-N,C13H24O3,228.1725,0.99999999,0.17974521844036623,Aedes aegypti,81376
REP_00085,CC(C)CCOC[C@@H](O)CO,AIOHBDYXYKMBIF-QMMMGPOBSA-N,C8H18O3,162.1256,0.16923076923076924,0.22998794649239768,Aedes aegypti,95650
REP_00086,CC(C)CN1C(=O)C2CCC(C)CC2C1=O,ZSUUODZXXGQGIR-UHFFFAOYSA-N,C13H21NO2,223.1572,0.99999999,0.38909141090554034,Aedes aegypti,18740204
REP_00087,CC(C)CN1C(=O)C2CC=CCC2C1=O,RJVDGBPUJARLGF-UHFFFAOYSA-N,C12H17NO2,207.1259,0.99999999,0.3246765402461834,Aedes aegypti,5003903
REP_00088,CC(C)CN1C(=O)C2CCCCC2C1=O,WWEQGOIIPUEQRK-UHFFFAOYSA-N,C12H19NO2,209.1416,0.99999999,0.29909975484478735,Aedes aegypti,17296588
REP_00089,CC(C)CNC(=O)COCCc1ccccc1,KYLPBBOZHBPPBO-UHFFFAOYSA-N,C14H21NO2,235.1572,0.99999999,0.5626501605890575,Aedes aegypti,154133407
REP_00090,CC(C)COC(=O)[C@H](O)c1ccccc1,UXPTXOYCOCXVQX-LLVKDONJSA-N,C12H16O3,208.1099,0.99999999,0.3194825558699053,Aedes aegypti,224763
REP_00091,CC(C)N(C(=O)CC1(O)CCCCC1)C(C)C,JOBNOVQOWAIWBO-UHFFFAOYSA-N,C14H27NO2,241.2042,0.99999999,0.2900582359666531,Aedes aegypti,245412
REP_00092,CC(=O)CCC(=O)N(C(C)C)C(C)C,BEFKMDJGUWGWFH-UHFFFAOYSA-N,C11H21NO2,199.1572,0.99999999,0.2092104441776497,Aedes aegypti,245460
REP_00093,CC1CCC2C(=O)N(C(C)C)C(=O)C2C1,UTUOIGUPGKSTLV-UHFFFAOYSA-N,C12H19NO2,209.1416,0.99999999,0.48476817032613967,Aedes aegypti,11820405
REP_00094,CC(C)OC(=O)[C@H](O)c1ccccc1,SCJJMBMUZTUIJU-SNVBAGLBSA-N,C11H14O3,194.0943,0.99999999,0.24072122097010087,Aedes aegypti,20071
REP_00095,CC(C)OC(=O)C[C@](C)(O)c1ccccc1,PFZJVJFFPRNQJD-ZDUSSCGKSA-N,C13H18O3,222.1256,0.99999999,0.4114885292811788,Aedes aegypti,24976045
REP_00096,COc1ccc(C(=O)OC(C)C)cc1,UVCWQNZMIZWZOH-UHFFFAOYSA-N,C11H14O3,194.0943,0.99999999,0.261794671861394,Aedes aegypti,243786
REP_00097,CC(C)OC(=O)c1ccccc1N,XKOZHFJYXAQZJX-UHFFFAOYSA-N,C10H13NO2,179.0946,0.99999999,0.24426424390842644,Aedes aegypti,87499
REP_00098,CC1CCC(OC(=O)CC#N)CC1,CMCOEZDHRFGTBM-UHFFFAOYSA-N,C10H15NO2,181.1103,0.99999999,0.24736782353221506,Aedes aegypti,347844
REP_00099,CC1CCCC(OC(=O)CC#N)C1,CTDKLJRGUUEWKD-UHFFFAOYSA-N,C10H15NO2,181.1103,0.99999999,0.3160376785984445,Aedes aegypti,144135633
REP_00100,COC(C[C@@H](C)CCCC(C)(C)O)OC,QCJVKUULZGKQDG-JTQLQIEISA-N,C12H26O3,218.1882,0.99999999,0.451382594263308,Aedes aegypti,8863
REP_00101,CC(O)(CO)CO,OOJRTGIXWIUBGG-UHFFFAOYSA-N,C4H10O3,106.063,0.20408163265306123,0.35625507172995075,Aedes aegypti,345901
REP_00102,C=C(C)COC(=O)C(=C)c1ccco1,UELUMXNZYCCCRU-UHFFFAOYSA-N,C11H12O3,192.0786,0.99999999,0.6013455661985189,Aedes aegypti,
REP_00103,CC(O)COCC1CCC(C)OC1C,XTZDVQZKEWKTIE-UHFFFAOYSA-N,C11H22O3,202.1569,0.99999999,0.574644930540857,Aedes aegypti,
REP_00104,COC(=O)c1ccccc1C(C)=O,UFOAYTOVTNNRKJ-UHFFFAOYSA-N,C10H10O3,178.063,0.8695652173913043,0.27125430234962283,Aedes aegypti,
REP_00105,CC1CCC(COCCO)C(C)O1,HMJJVBGLJVZMOJ-UHFFFAOYSA-N,C10H20O3,188.1412,0.99999999,0.46903154932511565,Aedes aegypti,
REP_00106,CCC(C)N1C(=O)C2CC=CCC2C1=O,FUGBPDZJGPFECL-UHFFFAOYSA-N,C12H17NO2,207.1259,0.99999999,0.3598835198530553,Aedes aegypti,
REP_00107,CCC(C)N1C(=O)C2CCCCC2C1=O,KOPLMJOXOLPUJL-UHFFFAOYSA-N,C12H19NO2,209.1416,0.99999999,0.3398000727746433,Aedes aegypti,12400405
REP_00108,CC[C@H](C)N1C(=O)c2ccccc2C1=O,ZTXOTHWCDVUQRM-QMMMGPOBSA-N,C12H13NO2,203.0946,0.99999999,0.4404400207543006,Aedes aegypti,95380
REP_00109,CC[C@H](C)OC(=O)C=Cc1ccco1,MOOSUKHAVBILRH-VIFPVBQESA-N,C11H14O3,194.0943,0.99999999,0.5212100769695436,Aedes aegypti,
REP_00110,CCOC(=O)C1C(C)=CC(=O)CC1CC,RWKYZCXJMNVELJ-UHFFFAOYSA-N,C12H18O3,210.1256,0.99999999,0.49511435029625794,Aedes aegypti,221293
REP_00111,CCC(CO)(CO)CO,ZJCCRDAZUWHFQH-UHFFFAOYSA-N,C6H14O3,134.0943,0.2033898305084746,0.2853445362567401,Aedes aegypti,6510
REP_00112,CCC(=O)OC[C@H](O)c1ccccc1,FFYYFERLDCVSLB-JTQLQIEISA-N,C11H14O3,194.0943,0.99999999,0.3095451716801861,Aedes aegypti,14193827
REP_00113,CCC(=O)OCc1ccc(OC)cc1,YWIJRJQYADFRTL-UHFFFAOYSA-N,C11H14O3,194.0943,0.99999999,0.2740323998163017,Aedes aegypti,61417
REP_00114,CCCC(=O)OCC(CC)C(O)CCC,LDXCVXVVGCHCKA-UHFFFAOYSA-N,C12H24O3,216.1725,0.99999999,0.3510618185337185,Aedes aegypti,347867
REP_00115,CCCC(=O)O[C@H]1CCCCC1=O,FPZVIRABLKTVID-VIFPVBQESA-N,C10H16O3,184.1099,0.99999999,0.4095491371685021,Aedes aegypti,53812450
REP_00116,CCCC[C@@](C=O)(CC)CCC(=O)O,WRURAEQBOYRAPP-NSHDSACASA-N,C11H20O3,200.1412,0.99999999,0.43715486521660346,Aedes aegypti,121216957
REP_00117,CCCCC(CC)CN1C(=O)C2C3C=CC(C3)C2C1=O,WLLGXSLBOPFWQV-UHFFFAOYSA-N,C17H25NO2,275.1885,0.99999999,0.5134121082172026,Aedes aegypti,8227
REP_00118,CCCCC(CC)COCC(O)CO,NCZPCONIKBICGS-UHFFFAOYSA-N,C11H24O3,204.1725,0.99999999,0.4270637490327467,Aedes aegypti,9859093
REP_00119,CCCCCC(=O)OCCCO,WABLATSSBBFMIL-UHFFFAOYSA-N,C9H18O3,174.1256,0.5,0.22316016950986403,Aedes aegypti,243665
REP_00120,CCCCCC[C@H](O)C(=O)OCCCC,UPDJYNWVCBAVCS-NSHDSACASA-N,C12H24O3,216.1725,0.99999999,0.29545270627427667,Aedes aegypti,347866
REP_00121,CCCCCCCC(=O)OC(=O)CCCCCCC,RAFYDKXYXRZODZ-UHFFFAOYSA-N,C16H30O3,270.2195,0.99999999,0.29811385599754353,Aedes aegypti,69340
REP_00122,CCCCCCCCN1C(=O)CCC1=O,IOPYEPCKCIGSSY-UHFFFAOYSA-N,C12H21NO2,211.1572,0.99999999,0.29702378641122923,Aedes aegypti,256601
REP_00123,CCCCCCOC(=O)[C@H](O)c1ccccc1,WTWKQARYVVXCNG-CYBMUJFWSA-N,C14H20O3,236.1412,0.99999999,0.18509892444960946,Aedes aegypti,21565
REP_00124,CCCCCCOC[C@@H](O)CO,MQVMITUCTLYRNV-VIFPVBQESA-N,C9H20O3,176.1412,0.6,0.22492838242377414,Aedes aegypti,
REP_00125,CCCCCN1C(=O)CCC1=O,NEQDNPLLVJBQNJ-UHFFFAOYSA-N,C9H15NO2,169.1103,0.42857142857142855,0.2934751743386941,Aedes aegypti,79245
REP_00126,CCCCN1C(=O)C2CC=CCC2C1=O,HZZBHUQGZJXCEV-UHFFFAOYSA-N,C12H17NO2,207.1259,0.99999999,0.3204266696896649,Aedes aegypti,95074
REP_00127,CCCCN1C(=O)C2CCCCC2C1=O,CKRGZAJCIHRLRI-UHFFFAOYSA-N,C12H19NO2,209.1416,0.99999999,0.3094338293955427,Aedes aegypti,45133407
REP_00128,C=C(CCN(CCCC)C(C)=O)OCC,OUMMWAJUBBXCGA-UHFFFAOYSA-N,C12H23NO2,213.1729,0.99999999,0.3906830528425758,Aedes aegypti,144051127
REP_00129,CCCCOC(=O)[C@H](O)c1ccccc1,QLVXFMSPNHAPMO-LLVKDONJSA-N,C12H16O3,208.1099,0.99999999,0.1764051811997153,Aedes aegypti,85668
REP_00130,CCCCOC(=O)CC1(O)CCCCC1,RZHRDWRQAUGJTB-UHFFFAOYSA-N,C12H22O3,214.1569,0.99999999,0.14122742502776206,Aedes aegypti,245376
REP_00131,CCCCOC(=O)CNCc1ccccc1,JTXMFNLHSFROFU-UHFFFAOYSA-N,C13H19NO2,221.1416,0.99999999,0.4561160620742642,Aedes aegypti,53974441
REP_00132,CCCCOC(=O)c1ccccc1N,HUIYGGQINIVDNW-UHFFFAOYSA-N,C11H15NO2,193.1103,0.99999999,0.21978895844401256,Aedes aegypti,24433
REP_00133,CCCN1C(=O)C2CC=CCC2C1=O,BAPLXEYNVOWNPO-UHFFFAOYSA-N,C11H15NO2,193.1103,0.99999999,0.3350814929755631,Aedes aegypti,16236
REP_00134,CCCN1C(=O)C2CCCCC2C1=O,RAJQCJDROPVISC-UHFFFAOYSA-N,C11H17NO2,195.1259,0.99999999,0.32846610645506685,Aedes aegypti,17296589
REP_00135,CCCN(CCC)C(=O)C[C@@](C)(O)CC,MXOWRYHZIUEQPM-LBPRGKRZSA-N,C12H25NO2,215.1885,0.99999999,0.501653883975133,Aedes aegypti,347869
REP_00136,CCCN(CCC)C(=O)CCC(C)=O,VPIFAEQOPCLADY-UHFFFAOYSA-N,C11H21NO2,199.1572,0.99999999,0.1959867910888204,Aedes aegypti,245459
REP_00137,CCCOC(=O)CC1(O)CCCCC1,WFPYXHWJOWNXGG-UHFFFAOYSA-N,C11H20O3,200.1412,0.99999999,0.15103572275247346,Aedes aegypti,245456
REP_00138,CCCOCc1ccc2c(c1)OCO2,UOERABCMIUSRNK-UHFFFAOYSA-N,C11H14O3,194.0943,0.99999999,0.37635075865713763,Aedes aegypti,10262036
REP_00139,CCCS(=O)(=O)CCC,JEXYCADTAFPULN-UHFFFAOYSA-N,C6H14O2S,150.0715,0.16923076923076924,0.4976338580212468,Aedes aegypti,11709
REP_00140,CCN(CC)/C(C)=C\C(=O)OC,RNINAAOLDKBHIH-FPLPWBNLSA-N,C9H17NO2,171.1259,0.41509433962264153,0.45182362799080583,Aedes aegypti,
REP_00141,CCN(CC)C(=O)COC1CCCCC1,IELDFWAVSPKOCV-UHFFFAOYSA-N,C12H23NO2,213.1729,0.99999999,0.35614469249552627,Aedes aegypti,245381
REP_00142,C=CCc1cccc(OC)c1OCCN(CC)CC,BGBFVIKSTCLLDW-UHFFFAOYSA-N,C16H25NO2,263.1885,0.99999999,0.6037296055953622,Aedes aegypti,80104
REP_00143,CCOC(=O)C(C)C(O)c1ccccc1,DBYGIIOOKKCUKJ-UHFFFAOYSA-N,C12H16O3,208.1099,0.99999999,0.3671969740149901,Aedes aegypti,249268
REP_00144,CCOC(=O)[C@@H](C#N)C1CCCCC1,NUYCINUWJWAOFR-JTQLQIEISA-N,C11H17NO2,195.1259,0.99999999,0.5486189548154652,Aedes aegypti,239612
REP_00145,CCOC(=O)C(=O)c1ccccc1,QKLCQKPAECHXCQ-UHFFFAOYSA-N,C10H10O3,178.063,0.99999999,0.3799489756649779,Aedes aegypti,15349
REP_00146,CCOC(=O)[C@H](O)c1ccccc1,SAXHIDRUJXPDOD-SECBINFHSA-N,C10H12O3,180.0786,0.99999999,0.18732238248218339,Aedes aegypti,13050
REP_00147,CCOC(=O)C[C@](C)(O)c1ccccc1,RBHSZNSXPDPHSH-LBPRGKRZSA-N,C12H16O3,208.1099,0.99999999,0.3545504846826554,Aedes aegypti,220801
REP_00148,CCOC(=O)CC1(O)CCCCC1,VEWIMVJKELSRSO-UHFFFAOYSA-N,C10H18O3,186.1256,0.99999999,0.14131263866197277,Aedes aegypti,219250
REP_00149,CCOC(=O)c1ccccc1N,TWLLPUMZVVGILS-UHFFFAOYSA-N,C9H11NO2,165.079,0.45714285714285713,0.20369896856842556,Aedes aegypti,6877
REP_00150,CCOC(=O)c1cccc(N)c1,ZMCBYSBVJIMENC-UHFFFAOYSA-N,C9H11NO2,165.079,0.45714285714285713,0.35003638998748643,Aedes aegypti,11400
REP_00151,CCOc1ccccc1C(=O)OC,QAYQKAPOTVSWLS-UHFFFAOYSA-N,C10H12O3,180.0786,0.99999999,0.2584758485902353,Aedes aegypti,347794
REP_00152,COC(=O)c1ccccc1N,VAMXMNNIEUEQDV-UHFFFAOYSA-N,C8H9NO2,151.0633,0.22807017543859648,0.21578272143038865,Aedes aegypti,8635
REP_00153,COc1ccc(C=O)cc1OC,WJUFSDZVCOTFON-UHFFFAOYSA-N,C9H10O3,166.063,0.45714285714285713,0.3234831797471282,Aedes aegypti,8419
REP_00154,N#CCC(=O)OC1CCCCC1,YESQLMJPTKPRSK-UHFFFAOYSA-N,C9H13NO2,167.0946,0.22807017543859648,0.2341010504838173,Aedes aegypti,96357
REP_00155,O=C1CCC[C@H]1C(=O)OC1CCCC1,RZRVIRJEPBNSPC-SECBINFHSA-N,C11H16O3,196.1099,0.99999999,0.4229606808675609,Aedes aegypti,245446
REP_00156,O=c1ccc2cc3ccoc3cc2o1,ZCCUUQDIBDJBTK-UHFFFAOYSA-N,C11H6O3,186.0317,0.99999999,0.6060949733487283,Aedes aegypti,6199
REP_00157,O=C(Cn1cccc1)OC1CCCC1,TXXIKPPXROLWAI-UHFFFAOYSA-N,C11H15NO2,193.1103,0.99999999,0.50740016037991,Aedes aegypti,245442
REP_00158,O[C@@H](Cc1ccc(Cl)cc1)c1ccco1,YRTUYJAXPOAYAR-NSHDSACASA-N,C12H11ClO2,222.0448,0.99999999,0.590510047488855,Aedes aegypti,62717146
REP_00159,O=C(CC1(O)CCCCC1)OC1CCCC1,RABXJVNSGMBEBF-UHFFFAOYSA-N,C13H22O3,226.1569,0.99999999,0.1553298634452503,Aedes aegypti,245396
REP_00160,O=C(CC1(O)CCCC1)OC1CCCCC1,MUBMXBBIFOGBOC-UHFFFAOYSA-N,C13H22O3,226.1569,0.99999999,0.15533869714224935,Aedes aegypti,245397
REP_00161,O=C(OC1CCCC1)C1(O)CCCC1,ZYRCTBDETAWINP-UHFFFAOYSA-N,C11H18O3,198.1256,0.99999999,0.08733472895519541,Aedes aegypti,
REP_00162,O=C(OC1CCCCC1)C1(O)CCCC1,SWRNQIPNJNOJFR-UHFFFAOYSA-N,C12H20O3,212.1412,0.99999999,0.06693108084225861,Aedes aegypti,245370
REP_00163,O=C(OC1CCCC1)C1(O)CCCCC1,QWHUROPPZQHVDU-UHFFFAOYSA-N,C12H20O3,212.1412,0.99999999,0.06693077335436605,Aedes aegypti,347864
REP_00164,O=C(OC1CCCCC1)C1(O)CCCCC1,HPDFCXBRYGDJTE-UHFFFAOYSA-N,C13H22O3,226.1569,0.99999999,0.07071628603429325,Aedes aegypti,
REP_00165,OCC(O)CO,PEDCQBHIVMGVHV-UHFFFAOYSA-N,C3H8O3,92.0473,0.203125,0.1836199787202545,Aedes aegypti,753
REP_00166,OCCOc1ccc(Cl)cc1,GEGSSUSEWOHAFE-UHFFFAOYSA-N,C8H9ClO2,172.0291,0.22807017543859648,0.2103703683027076,Aedes aegypti,15907
REP_00167,C/C=C(\C)C(=O)OCCc1ccccc1,KVMWYGAYARXPOL-QDEBKDIKSA-N,C13H16O2,204.115,0.99999999,0.5045440108275624,Aedes aegypti,5357002
REP_00168,C/C=C/C(=O)N(C)c1ccccc1,NULYBZJUSXRPGA-XVNBXDOJSA-N,C11H13NO,175.0997,0.99999999,0.4267740661172397,Aedes aegypti,6474175
REP_00169,C=CCC1CCCC/C1=N\O,PUHSIAHHRSCCQR-MDZDMXLPSA-N,C9H15NO,153.1154,0.5660377358490566,0.4897756271062669,Aedes aegypti,12255463
REP_00170,C=CCCCCCCCCC(=O)O,FRPZMMHWLSIFAZ-UHFFFAOYSA-N,C11H20O2,184.1463,0.99999999,0.15111728515271558,Aedes aegypti,5634
REP_00171,C=CCOC(=O)C=Cc1ccccc1,KCMITHMNVLRGJU-UHFFFAOYSA-N,C12H12O2,188.0837,0.99999999,0.354334272606086,Aedes aegypti,15834
REP_00172,C=CCc1ccc2c(c1)OCO2,ZMQAAUBTXCXRIC-UHFFFAOYSA-N,C10H10O2,162.0681,0.5,0.411239354461055,Aedes aegypti,5144
REP_00173,CC1(C)C2CC(O)C(C)(O)C1C2,MOILFCKRQFQVFS-UHFFFAOYSA-N,C10H18O2,170.1307,0.5,0.522153007664274,Aedes aegypti,62044
REP_00174,CC(C)=CCC/C(C)=C/COC(=O)c1ccc(C(C)(C)C)cc1,GOGSQOVURRSCIX-SAPNQHFASA-N,C21H30O2,314.2246,0.99999999,0.43094878565129224,Aedes aegypti,52920579
REP_00175,CC(C)=CCC/C(C)=C/C(=O)O,ZHYZQXUYZJNEHD-VQHVLOKHSA-N,C10H16O2,168.115,0.8235294117647058,0.3542421220955072,Aedes aegypti,5275520
REP_00176,CC(=O)OC/C=C(\C)CCC=C(C)C,HIGQPQRQIQDZMP-DHZHZOJOSA-N,C12H20O2,196.1463,0.99999999,0.23363684929769693,Aedes aegypti,1549026
REP_00177,CC(C)C(O)C(C)(C)C(C)O,FGIKETQPRLOEDV-UHFFFAOYSA-N,C9H20O2,160.1463,0.99999999,0.3722113271499616,Aedes aegypti,57276440
REP_00178,CC(O)CC(O)C(C)C,YRDZJWZHGKDMBL-UHFFFAOYSA-N,C7H16O2,132.115,0.4,0.3751502864707167,Aedes aegypti,4914394
REP_00179,CC(C)CC(O)C(CO)C(C)C,DPMLASRBHSLDGP-UHFFFAOYSA-N,C10H22O2,174.162,0.6388888888888888,0.5433518705258134,Aedes aegypti,13695602
REP_00180,CC(C)CC(O)CC(C)O,POWFRZFDXPVABI-UHFFFAOYSA-N,C8H18O2,146.1307,0.6666666666666666,0.20383050255442306,Aedes aegypti,349983
REP_00181,CC(C)CCC(O)CC(C)O,FVVQZZUMQHECQG-UHFFFAOYSA-N,C9H20O2,160.1463,0.9333333333333333,0.18660752489280036,Aedes aegypti,349984
REP_00182,CC(=O)N(CCC(C)C)c1ccccc1,JFEKSCRQNGEGBL-UHFFFAOYSA-N,C13H19NO,205.1467,0.99999999,0.3828884307313019,Aedes aegypti,221837
REP_00183,CC(=O)N(CCC(C)C)CCC(C)C,MIAAGDHDTGYTTF-UHFFFAOYSA-N,C12H25NO,199.1936,0.99999999,0.3622138089762176,Aedes aegypti,347868
REP_00184,CC(C)CCOc1ccc(CO)cc1,OLJBYGXYVKGWCU-UHFFFAOYSA-N,C12H18O2,194.1307,0.99999999,0.256796627274821,Aedes aegypti,28561523
REP_00185,CC(C)OC(=O)C=Cc1ccccc1,RGACABDFLVLVCT-UHFFFAOYSA-N,C12H14O2,190.0994,0.99999999,0.307263632178665,Aedes aegypti,24521
REP_00186,CC(C)Oc1ccc(C=O)cc1,WDANSDASCKBVKH-UHFFFAOYSA-N,C10H12O2,164.0837,0.22807017543859648,0.2401544929535991,Aedes aegypti,250077
REP_00187,CC(C)Oc1ccc(CCO)cc1,IVMMFYBOPVQEIK-UHFFFAOYSA-N,C11H16O2,180.115,0.99999999,0.23230018212347767,Aedes aegypti,228096
REP_00188,C[C@@H](C=NO)c1ccccc1,SETWHVMVMWYJQA-QMMMGPOBSA-N,C9H11NO,149.0841,0.45714285714285713,0.4500020714762543,Aedes aegypti,98005
REP_00189,CC1CCC(=NO)CC1,XQARYSVUDNOHMA-UHFFFAOYSA-N,C7H13NO,127.0997,0.05405405405405406,0.457439278210231,Aedes aegypti,236590
REP_00190,CC1C=CCC(C)C1C=NO,HQAUTQPJWYGXDO-UHFFFAOYSA-N,C9H15NO,153.1154,0.6333333333333333,0.5025067152569416,Aedes aegypti,
REP_00191,CO[C@@H](C)CCC(=O)c1ccccc1,WXAMMBLLEGRMRG-JTQLQIEISA-N,C12H16O2,192.115,0.9285714285714286,0.5487114165712016,Aedes aegypti,21612360
REP_00192,CC1CCC(C(C)(C)O)C(O)C1,LMXFTMYMHGYJEI-UHFFFAOYSA-N,C10H20O2,172.1463,0.8829967543648994,0.3284880252525602,Aedes aegypti,556998
REP_00193,CC1=CNC(=O)C2C(C)CCC12,UFGRADREDASLJW-UHFFFAOYSA-N,C10H15NO,165.1154,0.41509433962264153,0.6724559942426585,Aedes aegypti,14133657
REP_00194,CC(C)=CCC[C@H](C)CC(=O)O,GJWSUKYXUMVMGX-VIFPVBQESA-N,C10H18O2,170.1307,0.875,0.3679393734006673,Aedes aegypti,10402
REP_00195,C[C@H](CC=O)CCCC(C)(C)O,WPFVBOQKRVRMJB-VIFPVBQESA-N,C10H20O2,172.1463,0.5,0.3586961604555777,Aedes aegypti,7888
REP_00196,CC1CCCCN1C(=O)C1CC=CCC1,KRHYGGFLEBNTHQ-UHFFFAOYSA-N,C13H21NO,207.1623,0.99999999,0.6676890244322975,Aedes aegypti,90567
REP_00197,C=C(C)COCCOCc1ccccc1,NRPRRPNHAVVDMI-UHFFFAOYSA-N,C13H18O2,206.1307,0.99999999,0.24256220978670634,Aedes aegypti,
REP_00198,C=C(C)COCCOc1ccccc1,XQLLRJLGABLVQE-UHFFFAOYSA-N,C12H16O2,192.115,0.99999999,0.2587418441206639,Aedes aegypti,
REP_00199,CC(=O)N1CCCc2ccccc21,RRWLNRQGJSQRAF-UHFFFAOYSA-N,C11H13NO,175.0997,0.99999999,0.6124892853437455,Aedes aegypti,347850
REP_00200,COc1ccc([C@H](C)O)cc1,IUUULXXWNYKJSL-ZETCQYMHSA-N,C9H12O2,152.0837,0.45714285714285713,0.3187280433158699,Aedes aegypti,101148
REP_00201,CC1(C)COC(c2ccccc2)N1,ZYUWGAVXDLKUKT-UHFFFAOYSA-N,C11H15NO,177.1154,0.99999999,0.6848622671586113,Aedes aegypti,589827
REP_00202,CC1=NCCS1,JUIQOABNSLTJSW-UHFFFAOYSA-N,C4H7NS,101.0299,0.44680851063829785,0.6277940955543551,Aedes aegypti,16867
REP_00203,CCC(O)C(C)(C)C(O)C(C)C,UWFNGBBDWVEMRB-UHFFFAOYSA-N,C10H22O2,174.162,0.8235294117647058,0.4373129148210289,Aedes aegypti,221283
REP_00204,CCC(O)C(C)C(O)C(C)C,LXDLZEOLVBFSIH-UHFFFAOYSA-N,C9H20O2,160.1463,0.9285714285714286,0.48263822656263206,Aedes aegypti,14027629
REP_00205,CCC(O)C(C)C(C)O,HSFITJPGVVSHAQ-UHFFFAOYSA-N,C7H16O2,132.115,0.5,0.4334417639757487,Aedes aegypti,22245660
REP_00206,CCC(C)(O)C(C)C(C)O,TWSGDKHAZBKYMM-UHFFFAOYSA-N,C8H18O2,146.1307,0.5777777777777777,0.4401226018425453,Aedes aegypti,22323953
REP_00207,CC[C@H](C)Oc1ccc(CO)cc1,WFQFPWAJNZTQEY-VIFPVBQESA-N,C11H16O2,180.115,0.99999999,0.2441834513497507,Aedes aegypti,
REP_00208,CC[C@H](C)c1ccc(OCCO)cc1,XMPKZDNQLSEWRU-JTQLQIEISA-N,C12H18O2,194.1307,0.99999999,0.41521711116825055,Aedes aegypti,95317
REP_00209,CCC(O)CC(O)CC(C)C,KDLXKZWOSNPNPT-UHFFFAOYSA-N,C9H20O2,160.1463,0.99999999,0.25851182177779564,Aedes aegypti,20072255
REP_00210,CCC(C=O)(CC)CCC#N,AMUXIQHQXOKMTN-UHFFFAOYSA-N,C9H15NO,153.1154,0.5777777777777777,0.3605903419952018,Aedes aegypti,76248
REP_00211,CCC(CC)C(O)CC(C)O,CSUNGSFXBUDYAR-UHFFFAOYSA-N,C9H20O2,160.1463,0.8235294117647058,0.3576642058626898,Aedes aegypti,87867419
REP_00212,CCC(=O)N1c2ccccc2CC[C@@H]1C,SKYIRBYYWGYLQV-JTQLQIEISA-N,C13H17NO,203.131,0.99999999,0.6423076026782244,Aedes aegypti,60630484
REP_00213,CCCC(O)C(C)(C)C(O)C(C)C,SJCJMYJGMCMQQD-UHFFFAOYSA-N,C11H24O2,188.1776,0.99999999,0.5005498294871349,Aedes aegypti,153826087
REP_00214,CCCC(O)C(CC)C(O)CC,AWHGGADKAVSZDQ-UHFFFAOYSA-N,C10H22O2,174.162,0.5660377358490566,0.4302747063740822,Aedes aegypti,20312665
REP_00215,CCCC(O)C(CC)CO,RWLALWYNXFYRGW-UHFFFAOYSA-N,C8H18O2,146.1307,0.5777777777777777,0.3442138149733494,Aedes aegypti,7211
REP_00216,CCCC(=O)N(C)c1ccccc1,NGFPEEPVJGCERE-UHFFFAOYSA-N,C11H15NO,177.1154,0.99999999,0.3710561237322919,Aedes aegypti,221441
REP_00217,CCCC(=O)O[C@H]1CCc2ccccc2C1,SKWRQMBTIMSKGJ-ZDUSSCGKSA-N,C14H18O2,218.1307,0.99999999,0.37750625370683477,Aedes aegypti,
REP_00218,CCCC(=O)OCCCc1ccccc1,IWBHCESPSIQPME-UHFFFAOYSA-N,C13H18O2,206.1307,0.99999999,0.1925953099940238,Aedes aegypti,81894
REP_00219,CCCCC(O)CC(C)O,HOWLAKMIIWUJEJ-UHFFFAOYSA-N,C8H18O2,146.1307,0.8846153846153846,0.1661254867266469,Aedes aegypti,3494075
REP_00220,CCCC[C@@](C=O)(CC)CCC#N,KBJKNUWIYZFLGT-NSHDSACASA-N,C11H19NO,181.1467,0.99999999,0.39783053688966846,Aedes aegypti,220544
REP_00221,CCCCC(CC)(CO)CO,DSKYSDCYIODJPC-UHFFFAOYSA-N,C9H20O2,160.1463,0.7894736842105263,0.31774439191640497,Aedes aegypti,61038
REP_00222,CCCCC(CCCC)=NO,DFMZGZYTSBUWAH-UHFFFAOYSA-N,C9H19NO,157.1467,0.99999999,0.474227609577338,Aedes aegypti,333893
REP_00223,CCCCCC(O)C(C)O,XMTUJCWABCYSIV-UHFFFAOYSA-N,C8H18O2,146.1307,0.8846153846153846,0.4582391468388335,Aedes aegypti,242928
REP_00224,CCCCCC(O)CC(C)O,DYGJEBOTMBEVAJ-UHFFFAOYSA-N,C9H20O2,160.1463,0.99999999,0.1697750238482324,Aedes aegypti,347838
REP_00225,CCCCCC[C@H](O)CO,AEIJTFQOBWATKX-QMMMGPOBSA-N,C8H18O2,146.1307,0.631578947368421,0.21980891943642272,Aedes aegypti,14231
REP_00226,CCCCCCC(=O)N1CCCC(C)C1,OQFQFKPTRRVJRU-UHFFFAOYSA-N,C13H25NO,211.1936,0.99999999,0.5364370205413618,Aedes aegypti,303108
REP_00227,CCCCCCC[C@H]1CCC(=O)O1,PHXATPHONSXBIL-JTQLQIEISA-N,C11H20O2,184.1463,0.9285714285714286,0.5256175472666615,Aedes aegypti,7714
REP_00228,CCCCCCCCC(=O)O,FBUKVWPVBMHYJY-UHFFFAOYSA-N,C9H18O2,158.1307,0.6521739130434783,0.07171729888112295,Aedes aegypti,8158
REP_00229,CCCCCCCCCC(=O)O,GHVNFZFCNZKVNT-UHFFFAOYSA-N,C10H20O2,172.1463,0.6388888888888888,0.06902065638256381,Aedes aegypti,2969
REP_00230,CCCCCCCCCCC(=O)O,ZDPHROOEEOARMN-UHFFFAOYSA-N,C11H22O2,186.162,0.99999999,0.07310479738645263,Aedes aegypti,
REP_00231,CCCCCCCCSCCO,KXPXKNBDCUOENF-UHFFFAOYSA-N,C10H22OS,190.1391,0.20408163265306123,0.5297823230665568,Aedes aegypti,19079
REP_00232,CCCCCCOc1ccccc1C=O,IFOIDROUJIGQAV-UHFFFAOYSA-N,C13H18O2,206.1307,0.99999999,0.26100483796772117,Aedes aegypti,138951
REP_00233,CCCCCN(C(C)=O)c1ccccc1,WNLWRGJQSVCHRK-UHFFFAOYSA-N,C13H19NO,205.1467,0.99999999,0.234916476083131,Aedes aegypti,347873
REP_00234,CCCCCN(C(=O)CC)c1ccccc1,BSCFOWYEVQMVNW-UHFFFAOYSA-N,C14H21NO,219.1623,0.99999999,0.2351560415403518,Aedes aegypti,347879
REP_00235,CCCCN(C(C)=O)c1ccccc1,ZWDZJRRQSXLOQR-UHFFFAOYSA-N,C12H17NO,191.131,0.99999999,0.230148637624897,Aedes aegypti,7051
REP_00236,CCCCN(C(=O)CC)c1ccccc1,NVMNYOQXNWCYTG-UHFFFAOYSA-N,C13H19NO,205.1467,0.99999999,0.2299040276236925,Aedes aegypti,94892
REP_00237,CCCCOc1ccc(C=O)cc1,XHWMNHADTZZHGI-UHFFFAOYSA-N,C11H14O2,178.0994,0.99999999,0.1661665842994572,Aedes aegypti,79813
REP_00238,CCCN(C(C)=O)c1ccccc1,PREAZHGTUOIWRL-UHFFFAOYSA-N,C11H15NO,177.1154,0.99999999,0.24876122067760287,Aedes aegypti,17098
REP_00239,CCCN(C(=O)CC)c1ccccc1,BHPRXECSODLNIC-UHFFFAOYSA-N,C12H17NO,191.131,0.99999999,0.25002976127976784,Aedes aegypti,67266967
REP_00240,CCCOC[C@H](O)c1ccccc1,MOIIMLOKLBXYSV-NSHDSACASA-N,C11H16O2,180.115,0.99999999,0.3275367254817863,Aedes aegypti,245443
REP_00241,CCCOc1ccc(C=O)cc1,FGXZWMCBNMMYPL-UHFFFAOYSA-N,C10H12O2,164.0837,0.45714285714285713,0.18802325384635424,Aedes aegypti,79812
REP_00242,CCCOc1ccc(CO)cc1,BUJZENMUXBWWFE-UHFFFAOYSA-N,C10H14O2,166.0994,0.6333333333333333,0.19005073953640023,Aedes aegypti,347843
REP_00243,C/C=C/C(=O)N(CC)c1ccccc1,XTBRQTWUCGWBRA-FPYGCLRLSA-N,C12H15NO,189.1154,0.99999999,0.5260503348961281,Aedes aegypti,5354305
REP_00244,CCN(C=O)c1ccccc1,GBDYFPAHVXJQEP-UHFFFAOYSA-N,C9H11NO,149.0841,0.6333333333333333,0.38651854925287144,Aedes aegypti,79585
REP_00245,CCN(CC)C(=O)Cc1ccccc1,UXDAWVUDZLBBAM-UHFFFAOYSA-N,C12H17NO,191.131,0.99999999,0.24089788575353357,Aedes aegypti,17076
REP_00246,CCN(CC)C(=O)c1cccc(C)c1,MMOXZBCLCQITDF-UHFFFAOYSA-N,C12H17NO,191.131,0.99999999,0.3851558101797942,Aedes aegypti,4284
REP_00247,CCN(CC)C(=O)c1ccccc1,JLNGEXDJAQASHD-UHFFFAOYSA-N,C11H15NO,177.1154,0.99999999,0.40366156034012346,Aedes aegypti,15542
REP_00248,CCN(CC)[C@@H](O)c1ccccc1,YYJNVSQQCVUHHI-NSHDSACASA-N,C11H17NO,179.131,0.99999999,0.5036848112144388,Aedes aegypti,13220537
REP_00249,CCN(CCO)c1ccccc1,HYVGFUIWHXLVNV-UHFFFAOYSA-N,C10H15NO,165.1154,0.99999999,0.5331432178304348,Aedes aegypti,62338
REP_00250,CCOC(=O)C=CC(C)C,GNDHNYOKGXAMOS-UHFFFAOYSA-N,C8H14O2,142.0994,1e-08,0.39318263602296977,Aedes aegypti,566233
REP_00251,CCOC(=O)C=Cc1ccccc1,KBEBGUQPQBELIU-UHFFFAOYSA-N,C11H12O2,176.0837,0.9285714285714286,0.2535450994448752,Aedes aegypti,7649
REP_00252,CCOc1ccc(C(C)=O)cc1,YJFNFQHMQJCPRG-UHFFFAOYSA-N,C10H12O2,164.0837,0.22807017543859648,0.2365089191164438,Aedes aegypti,72872
REP_00253,CCOc1ccc(CCO)cc1,CNMVSNTVPZWQMI-UHFFFAOYSA-N,C10H14O2,166.0994,0.7777777777777778,0.17885978421980384,Aedes aegypti,80345
REP_00254,CCOc1ccc(CO)cc1,UKFLLQIRBABMKF-UHFFFAOYSA-N,C9H12O2,152.0837,0.45714285714285713,0.17205682111617274,Aedes aegypti,80345
REP_00255,CCc1ccc(O)c(OC)c1,CHWNEIVBYREQRF-UHFFFAOYSA-N,C9H12O2,152.0837,0.22807017543859648,0.381161268426976,Aedes aegypti,62465
REP_00256,COC1c2ccccc2CC1O,ZHWPZRVYPHGXSF-UHFFFAOYSA-N,C10H12O2,164.0837,0.5,0.5447798918822957,Aedes aegypti,143339
REP_00257,C=CCc1ccc(O)c(OC)c1,RRAFCDWBNXTKKO-UHFFFAOYSA-N,C10H12O2,164.0837,0.45714285714285713,0.3767432341085398,Aedes aegypti,3314
REP_00258,C=Cc1ccc(OC)c(OC)c1,NJXYTXADXSRFTJ-UHFFFAOYSA-N,C10H12O2,164.0837,0.22807017543859648,0.41531651515141754,Aedes aegypti,61400
REP_00259,COc1ccccc1O,LHGVFZTZFXWLCP-UHFFFAOYSA-N,C7H8O2,124.0524,0.0625,0.25232067129807595,Aedes aegypti,460
REP_00260,COc1ccccc1CO,WYLYBQSHRJMURN-UHFFFAOYSA-N,C8H10O2,138.0681,0.10256410256410256,0.3036884134173128,Aedes aegypti,69154
REP_00261,COc1ccc(CCCO)cc1,NIIDHUCLROLCBU-UHFFFAOYSA-N,C10H14O2,166.0994,0.7777777777777778,0.24772524193124534,Aedes aegypti,79406
REP_00262,COc1ccc(CCO)cc1,AUWDOZOUJWEPBA-UHFFFAOYSA-N,C9H12O2,152.0837,0.25,0.17655339586180238,Aedes aegypti,69705
REP_00263,COc1ccc(CO)cc1,MSHFRERJPWKJFX-UHFFFAOYSA-N,C8H10O2,138.0681,0.22807017543859648,0.17132936331088336,Aedes aegypti,89752
REP_00264,Cn1cccc1-c1cccnc1,RYFOJXFXERAMLS-UHFFFAOYSA-N,C10H10N2,158.0844,0.7225039046218814,0.7364021840093956,Aedes aegypti,10249
REP_00265,COc1cc(C)ccc1O,PETRWTHZSKVLRE-UHFFFAOYSA-N,C8H10O2,138.0681,0.22807017543859648,0.26767425805371603,Aedes aegypti,7144
REP_00266,Cc1ccc2c(c1)C(=O)CO2,YHBPCTBGLNRJDY-UHFFFAOYSA-N,C9H8O2,148.0524,0.16923076923076924,0.5166168383626326,Aedes aegypti,590535
REP_00267,Cc1nccnc1C,OXQOBQJCDNLAPO-UHFFFAOYSA-N,C6H8N2,108.0687,0.22807017543859648,0.33830114091847147,Aedes aegypti,22201
REP_00268,ClC#CCl,ZMJOVJSTYLQINE-UHFFFAOYSA-N,C2Cl2,93.9377,0.0975609756097561,0.4690032453331931,Aedes aegypti,24227
REP_00269,ClCCCl,WSLDOOZREJYCGB-UHFFFAOYSA-N,C2H4Cl2,97.969,0.0975609756097561,0.17924746611974304,Aedes aegypti,11
REP_00270,O=C(c1ccccc1)N1CCCCC1,YXTROGRGRSPWKL-UHFFFAOYSA-N,C12H15NO,189.1154,0.99999999,0.5517677200537494,Aedes aegypti,69892
REP_00271,O=C(OCc1ccccc1)c1ccccc1,SESFRYSPDFLNCH-UHFFFAOYSA-N,C14H12O2,212.0837,0.99999999,0.3273304682648942,Aedes aegypti,2345
REP_00272,O=c1ccc2ccccc2o1,ZYGHJZDHTFUPRJ-UHFFFAOYSA-N,C9H6O2,146.0368,0.16923076923076924,0.4649158678219419,Aedes aegypti,323
REP_00273,O=CC12CC=CCC1C1CC=CCC1O2,XNYGOEGATLFFOX-UHFFFAOYSA-N,C13H16O2,204.115,0.99999999,0.7566764923924428,Aedes aegypti,31341
REP_00274,O=C(O)CCC1CCCCC1,HJZLEGIHUQOJBA-UHFFFAOYSA-N,C9H16O2,156.115,0.45714285714285713,0.29078214995569807,Aedes aegypti,69702
REP_00275,OC1CCCCC1c1ccc(F)cc1,WOONSTDBFNVLTK-UHFFFAOYSA-N,C12H15FO,194.1107,0.99999999,0.4956045975497828,Aedes aegypti,20487437
REP_00276,OCC#CC1(O)CCCCC1,IACPYUXMRKYCDO-UHFFFAOYSA-N,C9H14O2,154.0994,0.7777777777777778,0.5411646249504442,Aedes aegypti,4277820
REP_00277,OCC=CC1(O)CCCCC1,CJTNFKINCCTDIP-UHFFFAOYSA-N,C9H16O2,156.115,0.7777777777777778,0.4346217001938664,Aedes aegypti,282443
REP_00278,OCCc1ccc(Br)cc1,PMOSJSPFNDUAFY-UHFFFAOYSA-N,C8H9BrO,199.9837,0.45714285714285713,0.19837594551511495,Aedes aegypti,72851
REP_00279,OCCc1ccc(Cl)cc1,HZFRKZWBVUJYDA-UHFFFAOYSA-N,C8H9ClO,156.0342,0.45714285714285713,0.2010431511344242,Aedes aegypti,74647
REP_00280,OCCc1ccccc1Br,ADLOWZRDUHSVRU-UHFFFAOYSA-N,C8H9BrO,199.9837,0.45714285714285713,0.29960165044598,Aedes aegypti,2734089
REP_00281,OCCc1ccccc1Cl,IWNHTCBFRSCBQK-UHFFFAOYSA-N,C8H9ClO,156.0342,0.45714285714285713,0.28317263440031637,Aedes aegypti,88266
REP_00282,OCc1ccccc1I,WZCXOBMFBKSSFA-UHFFFAOYSA-N,C7H7IO,233.9542,0.6333333333333333,0.5383036003691436,Aedes aegypti,107629
REP_00283,c1ccc(COCc2ccccc2)cc1,MHDVGSVTJDSBDK-UHFFFAOYSA-N,C14H14O,198.1045,0.7894736842105263,0.19861659050280575,Aedes aegypti,7657
REP_00284,c1ccc(Cc2ccccn2)cc1,PCFUWBOSXMKGIP-UHFFFAOYSA-N,C12H11N,169.0891,0.99999999,0.474766583324879,Aedes aegypti,7581
REP_00285,CC1c2ccccc2CCC1O,RINJSWVIDJTJRL-UHFFFAOYSA-N,C11H14O,162.1045,0.41509433962264153,0.45591992597664593,Aedes aegypti,250086
REP_00286,CC1(C)C2CCC3(C2)C1C(O)CCC3(C)C,VJCRIDPUJYUCNH-UHFFFAOYSA-N,C15H26O,222.1984,0.99999999,0.7693486636894512,Aedes aegypti,535389
REP_00287,CC(C)(C)C1CCC(=O)CC1,YKFKEYKJGVSEIX-UHFFFAOYSA-N,C10H18O,154.1358,0.8235294117647058,0.3245532419637883,Aedes aegypti,7392
REP_00288,CC12CCC(C1)C(C)(C)C2=O,LHXDLQBQYFFVNW-UHFFFAOYSA-N,C10H16O,152.1201,0.2033898305084746,0.6380373087130226,Aedes aegypti,14525
REP_00289,CC(C)=CCC/C(C)=C/C=O,WTEVQBCEXWBHNA-JXMROGBWSA-N,C10H16O,152.1201,0.5531914893617021,0.4258852920985623,Aedes aegypti,638011
REP_00290,CC(C)=CCC/C(C)=C/CO,GLZPCOQZEFWAFX-JXMROGBWSA-N,C10H18O,154.1358,0.6388888888888888,0.3365678852433827,Aedes aegypti,637566
REP_00291,CC(=O)CCC=C(C)C,UHEPJGULSIKKTP-UHFFFAOYSA-N,C8H14O,126.1045,0.16923076923076924,0.23784895784351653,Aedes aegypti,9862
REP_00292,CC(C)=O,CSCPPACGZOOCGX-UHFFFAOYSA-N,C3H6O,58.0419,0.015151515151515152,0.20855275240335058,Aedes aegypti,180
REP_00293,CC(C)c1ccc(C[C@H](O)C(C)C)cc1,GBFRXPFQXAHYBY-AWEZNQCLSA-N,C14H22O,206.1671,0.99999999,0.3913036161853316,Aedes aegypti,62605933
REP_00294,CC(C)CC(=O)CC(C)C,PTTPXKJBFFKCEK-UHFFFAOYSA-N,C9H18O,142.1358,0.6363636363636364,0.2294753497182197,Aedes aegypti,7958
REP_00295,CC(C)C[C@H](O)c1ccccc1,KWXSTAUVUZAMGW-NSHDSACASA-N,C11H16O,164.1201,0.5036895503543032,0.3758556352332161,Aedes aegypti,12487504
REP_00296,Cc1ccc(C(C)C)c(O)c1,MGSRCZKZVOBKFT-UHFFFAOYSA-N,C10H14O,150.1045,0.6333333333333333,0.4740856774633316,Aedes aegypti,6989
REP_00297,Cc1ccc(C(C)C)cc1O,RECUKUPTGUEGMW-UHFFFAOYSA-N,C10H14O,150.1045,0.6333333333333333,0.3141191267087245,Aedes aegypti,10364
REP_00298,COc1cc(C(C)C)ccc1C,YVLHTQPPMZOCOW-UHFFFAOYSA-N,C11H16O,164.1201,0.22807017543859648,0.30537250600764854,Aedes aegypti,80790
REP_00299,CC(C)c1ccc(C=O)cc1,WTWBUQJHJGUZCY-UHFFFAOYSA-N,C10H12O,148.0888,0.22807017543859648,0.20537672373790164,Aedes aegypti,326
REP_00300,CC(C)c1cccc(O)c1,VLJSLTNSFSOYQR-UHFFFAOYSA-N,C9H12O,136.0888,0.45714285714285713,0.4063551155776072,Aedes aegypti,12059
REP_00301,C[C@H](O)C=Cc1ccccc1,ZIJWGEHOVHJHKB-VIFPVBQESA-N,C10H12O,148.0888,0.25,0.370705139435419,Aedes aegypti,15172
REP_00302,CC(CC=O)CC(C)(C)C,WTPYRCJDOZVZON-UHFFFAOYSA-N,C9H18O,142.1358,0.7894736842105263,0.2750126914969607,Aedes aegypti,21574
REP_00303,C[C@H](CC=O)CC(C)(C)C,WTPYRCJDOZVZON-MRVPVSSYSA-N,C9H18O,142.1358,0.99999999,0.2750126914969607,Aedes aegypti,21574
REP_00304,CC1CCC(C(C)(C)O)C(C)C1,CPLTZFUXHDJQHV-UHFFFAOYSA-N,C11H22O,170.1671,0.6333333333333333,0.39035359685973314,Aedes aegypti,67477161
REP_00305,C=C[C@@](C)(O)CCC=C(C)C,CDOSHBSSFJOMGT-SNVBAGLBSA-N,C10H18O,154.1358,0.8846153846153846,0.16010232075904193,Aedes aegypti,6549
REP_00306,C=CC(C)(O)CCC=C(C)C,CDOSHBSSFJOMGT-UHFFFAOYSA-N,C10H18O,154.1358,0.8846153846153846,0.16010232075904193,Aedes aegypti,6549
REP_00307,CC(C)=CCC[C@H](C)CC=O,NEHNMFOYXAPHSD-JTQLQIEISA-N,C10H18O,154.1358,0.99999999,0.2925052339441969,Aedes aegypti,7794
REP_00308,CC(C)=CCC[C@H](C)CCO,QMVPMAAFGQKVCJ-JTQLQIEISA-N,C10H20O,156.1514,0.5531914893617021,0.30648523934776284,Aedes aegypti,8842
REP_00309,C=C[C@@](C)(O)CCC=C(C)CCC=C(C)C,FQTLCLSUCSAZDY-OAHLLOKOSA-N,C15H26O,222.1984,0.99999999,0.2103256076640116,Aedes aegypti,5284507
REP_00310,CC(=O)CCC=Cc1ccccc1,FQAGFMVFSPYMEW-UHFFFAOYSA-N,C12H14O,174.1045,0.99999999,0.3260117667936549,Aedes aegypti,53812467
REP_00311,CC(=O)CCCc1ccccc1,DGMYRPFYNFQCHM-UHFFFAOYSA-N,C11H14O,162.1045,0.6333333333333333,0.29351896948634576,Aedes aegypti,16701
REP_00312,CC(=O)CCc1ccccc1,AKGGYBADQZYZPD-UHFFFAOYSA-N,C10H12O,148.0888,0.45714285714285713,0.31247151278046587,Aedes aegypti,17355
REP_00313,CC12CCC(CC1)C(C)(C)O2,WEEGYLXZBRQIMU-UHFFFAOYSA-N,C10H18O,154.1358,0.0851063829787234,0.3103378126562924,Aedes aegypti,2758
REP_00314,CC=C[C@H](O)c1ccccc1,RMTAYCVXTPSMJQ-JTQLQIEISA-N,C10H12O,148.0888,0.45714285714285713,0.4939286977639105,Aedes aegypti,219674
REP_00315,CCC1c2ccccc2CCC1O,MZXUEGCVKCBYAR-UHFFFAOYSA-N,C12H16O,176.1201,0.99999999,0.510451607077244,Aedes aegypti,249488
REP_00316,CCCC(=O)CCC,HCFAJYNVAYBARA-UHFFFAOYSA-N,C7H14O,114.1045,0.22,0.1890956853279398,Aedes aegypti,31246
REP_00317,CCCCC(C=O)CC,LGYNIFWIKSEESD-UHFFFAOYSA-N,C8H16O,128.1201,0.6666666666666666,0.47059775553587163,Aedes aegypti,31241
REP_00318,CCCCC(=O)CCCC,WSGCRAOTEDLMFQ-UHFFFAOYSA-N,C9H18O,142.1358,0.99999999,0.18219598033629228,Aedes aegypti,10405
REP_00319,CCCCCC(=O)CC,RHLVCLIPMVJYKS-UHFFFAOYSA-N,C8H16O,128.1201,0.6388888888888888,0.2505568888610871,Aedes aegypti,246728
REP_00320,CCCCCC(=O)CCCCC,ZPQAKYPOZRXKFA-UHFFFAOYSA-N,C11H22O,170.1671,0.8235294117647058,0.17683106473007187,Aedes aegypti,13561
REP_00321,CCCCCCC(C)C(C)=O,BMLJPODSPMQJKF-UHFFFAOYSA-N,C10H20O,156.1514,0.5531914893617021,0.3058839970503896,Aedes aegypti,12634597
REP_00322,CCCCCCCC(C)=O,VKCYHJWLYTUGCC-UHFFFAOYSA-N,C9H18O,142.1358,0.8846153846153846,0.0035530600430298672,Aedes aegypti,13187
REP_00323,CCCCCCCC=O,NUJGJRNETVAIRJ-UHFFFAOYSA-N,C8H16O,128.1201,0.4,0.003168165257384251,Aedes aegypti,454
REP_00324,CCCCCCCCC(C)=O,ZAJNGDIORYACQU-UHFFFAOYSA-N,C10H20O,156.1514,0.7037037037037037,0.0053393462655762945,Aedes aegypti,12741
REP_00325,CCCCCCCCC=O,GYHFUZHODSMOHU-UHFFFAOYSA-N,C9H18O,142.1358,0.7894736842105263,0.0,Aedes aegypti,31289
REP_00326,CCCCCCCCCC(C)=O,KYWIYKKSMDLRDC-UHFFFAOYSA-N,C11H22O,170.1671,0.8846153846153846,0.013850892875673477,Aedes aegypti,8163
REP_00327,CCCCCCCCCC=O,KSMVZQYAVGTKIV-UHFFFAOYSA-N,C10H20O,156.1514,0.6363636363636364,0.003166425799737005,Aedes aegypti,8175
REP_00328,CCCCCCCCCCCC=O,HFJRKMMYBMWEAD-UHFFFAOYSA-N,C12H24O,184.1827,0.99999999,0.02215650073925998,Aedes aegypti,8194
REP_00329,CCCCCc1ccco1,YVBAUDVGOFCUSG-UHFFFAOYSA-N,C9H14O,138.1045,0.0851063829787234,0.4088994661288619,Aedes aegypti,19602
REP_00330,CCCc1ccc(CCO)cc1,COXVVRAGVZOPFK-UHFFFAOYSA-N,C11H16O,164.1201,0.6333333333333333,0.19424762000344853,Aedes aegypti,2760476
REP_00331,C[C@H]1CC[C@@H](C(C)(C)O)CC2=C1CC[C@@H]2C,TWVJWDMOZJXUID-SDDRHHMPSA-N,C15H26O,222.1984,0.99999999,0.725619877856208,Aedes aegypti,227829
REP_00332,C=C(C)[C@@H]1CCC2=CC(=O)C[C@@H](C)[C@]2(C)C1,WTOYNNBCKUYIKC-JMSVASOKSA-N,C15H22O,218.1671,0.99999999,0.6139615754957375,Aedes aegypti,1268142
REP_00333,C[C@@H]1CC[C@H]2C(C)(C)[C@H]3C[C@@]12CC[C@@]3(C)O,SVURIXNDRWRAFU-OGMFBOKVSA-N,C15H26O,222.1984,0.99999999,0.603612813451223,Aedes aegypti,65575
REP_00334,CC1=CCC[C@@H]2[C@@](C)(CC=O)[C@H](C)CC[C@@]12C,MPWIIQYWQOBNKS-UGUYLWEFSA-N,C16H26O,234.1984,0.99999999,0.7766814637821187,Aedes aegypti,11107286
REP_00335,CC(C)=CCC[C@](C)(O)C1CC=C(C)CC1,RGZSQWQPBWRIAQ-LOACHALJSA-N,C15H26O,222.1984,0.99999999,0.48864627343731387,Aedes aegypti,252403102
REP_00336,Cc1ccccc1CCO,RUGISKODRCWQNE-UHFFFAOYSA-N,C9H12O,136.0888,0.45714285714285713,0.3151870923446713,Aedes aegypti,88267
REP_00337,Cc1ccc(C)c2c1CCCC2=O,ZSMGKPHICFZGQU-UHFFFAOYSA-N,C12H14O,174.1045,0.99999999,0.481481831503487,Aedes aegypti,99334
REP_00338,Cc1cccc(CCO)c1,KWHVBVJDKLSOTB-UHFFFAOYSA-N,C9H12O,136.0888,0.25,0.27863830138939116,Aedes aegypti,74648
REP_00339,N#Cc1cccc2ccccc12,YJMNOKOLADGBKA-UHFFFAOYSA-N,C11H7N,153.0578,0.41509433962264153,0.5423492856564245,Aedes aegypti,6846
REP_00340,O=C/C=C/c1ccccc1,KJPRLNWUNMBNBZ-QPJJXVBHSA-N,C9H8O,132.0575,0.22807017543859648,0.39702570408434,Aedes aegypti,637511
REP_00341,O=C1CCCCC1,JHIVVAPYMSGYDF-UHFFFAOYSA-N,C6H10O,98.0732,0.42857142857142855,0.09850369760944745,Aedes aegypti,7967
REP_00342,O=C1CCCCCCC1,IIRFCWANHMSDCG-UHFFFAOYSA-N,C8H14O,126.1045,0.625,0.09313670851484626,Aedes aegypti,10403
REP_00343,O=C1CCCCCCCCCCC1,SXVPOSFURRDKBO-UHFFFAOYSA-N,C12H22O,182.1671,0.99999999,0.11035043784082597,Aedes aegypti,13246
REP_00344,O=Cc1ccccc1,HUMNYLRZRPPJDN-UHFFFAOYSA-N,C7H6O,106.0419,0.10256410256410256,0.1764593040611612,Aedes aegypti,240
REP_00345,O[C@H]1CCc2ccccc2C1,JWQYZECMEPOAPF-JTQLQIEISA-N,C10H12O,148.0888,0.5,0.2509086299447107,Aedes aegypti,13561
REP_00346,OC1CCc2ccccc2C1,JWQYZECMEPOAPF-UHFFFAOYSA-N,C10H12O,148.0888,0.5,0.2509086299447107,Aedes aegypti,10747
REP_00347,OC1CCCc2ccccc21,JAAJQSRLGAYGKZ-UHFFFAOYSA-N,C10H12O,148.0888,0.5,0.4865003763754286,Aedes aegypti,10723
REP_00348,OC1CCCCC1C1=CCCCC1,AWDPUMYRKBQMIL-UHFFFAOYSA-N,C12H20O,180.1514,0.875,0.5898372256608028,Aedes aegypti,2771870
REP_00349,OC1CCCCC1C1CCCCC1,YTWWBKKPWACPPB-UHFFFAOYSA-N,C12H22O,182.1671,0.6666666666666666,0.4075635551476706,Aedes aegypti,94327
REP_00350,OC1CCCCC1c1ccccc1,AAIBYZBZXNWTPP-UHFFFAOYSA-N,C12H16O,176.1201,0.99999999,0.3727858642861104,Aedes aegypti,15046
REP_00351,OC1(Cc2ccccc2)CCCCC1,FELACZRZMOTSPB-UHFFFAOYSA-N,C13H18O,190.1358,0.99999999,0.31847022740308834,Aedes aegypti,74753
REP_00352,OCCc1cccc2c1CCCC2,KATDHTDHYWKUNV-UHFFFAOYSA-N,C12H16O,176.1201,0.99999999,0.36454059699735303,Aedes aegypti,68827013
REP_00353,C=C1CCC2CC1C2(C)C,WTARULDDTDQWMU-UHFFFAOYSA-N,C10H16,136.1252,0.7037037037037037,0.541398565874637,Aedes aegypti,57393761
REP_00354,C=C1CC/C=C(\C)CC[C@@H]2[C@@H]1CC2(C)C,NPNUFJAVOOONJE-GFUGXAQUSA-N,C15H24,204.1878,0.8846153846153846,0.5476066006128071,Aedes aegypti,5281515
REP_00355,C=CC(=C)CCC=C(C)CCC=C(C)C,JSNRRGGBADWTMC-UHFFFAOYSA-N,C15H24,204.1878,0.99999999,0.2821906769119811,Aedes aegypti,10407
REP_00356,C=CC(=C)CCC=C(C)C,UAHWPYUMFXYFJY-UHFFFAOYSA-N,C10H16,136.1252,0.5777777777777777,0.2640778652886867,Aedes aegypti,31253
REP_00357,C=C(CC(C)C)CC(C)C,JQPLCIWGQTUQDW-UHFFFAOYSA-N,C10H20,140.1565,0.6388888888888888,0.3710218648838782,Aedes aegypti,12697191
REP_00358,C=C1/C=C/[C@H](C(C)C)CC/C(C)=C/CC1,GAIBLDCXCZKKJE-RXJOXMPGSA-N,C15H24,204.1878,0.7894736842105263,0.58368103979383,Aedes aegypti,5317570
REP_00359,C=C(C)[C@H]1CC=C(C)CC1,XMGQYMWWDOXHJM-JTQLQIEISA-N,C10H16,136.1252,0.45714285714285713,0.2828967591493327,Aedes aegypti,440917
REP_00360,CC1=CCC2CC1C2(C)C,GRWFGVWFFZKLTI-UHFFFAOYSA-N,C10H16,136.1252,0.5,0.5523967442043247,Aedes aegypti,2723720
REP_00361,CC1CCC2CC1C2(C)C,XOKSLPVRUOBDEW-UHFFFAOYSA-N,C10H18,138.1409,0.41509433962264153,0.559230344431521,Aedes aegypti,10129
REP_00362,C=C(CCC)CCC,FYUUBXZYRPRIHC-UHFFFAOYSA-N,C8H16,112.1252,0.44680851063829785,0.3216639465569097,Aedes aegypti,519193
REP_00363,C=C(CC)CCCCC,SLHFFNUTOSKGQG-UHFFFAOYSA-N,C9H18,126.1409,0.6618782584404425,0.28426398649787965,Aedes aegypti,13383766
REP_00364,C=CCCCCCCCC,AFFLGGQVNFXPEV-UHFFFAOYSA-N,C10H20,140.1565,0.4482758620689655,0.1597739861413986,Aedes aegypti,13381
REP_00365,C=C(C)[C@@H]1CCC2=CCC[C@@H](C)[C@]2(C)C1,QEBNYNLSCGVZOH-NFAWXSAZSA-N,C15H24,204.1878,0.8846153846153846,0.5903301184144547,Aedes aegypti,9855795
REP_00366,[2H]C([2H])([2H])C(=CCCC(=C)C=C)C([2H])([2H])[2H],UAHWPYUMFXYFJY-XERRXZQWSA-N,C10H16,142.1629,0.4,0.5048864263463443,Aedes aegypti,46782411
REP_00367,CC1=CC[C@](O)(C(C)C)CC1,WRYLYDPHFGVWKC-SNVBAGLBSA-N,C10H18O,154.1358,0.6333333333333333,0.6701800273397881,Aedes aegypti,11230
REP_00370,COc1cc(/C=C/CO)ccc1O,JMFRWRFFLBVWSI-NSCUHMNNSA-N,C10H12O3,180.0786,0.99999999,0.44209284501996354,Aedes aegypti,1549095
REP_00372,CC(O)(Cc1ccccc1)c1ccccc1,QRKNKDBJZVZQNE-UHFFFAOYSA-N,C15H16O,212.1201,0.99999999,0.4448550996789207,Aedes aegypti,95356
REP_00373,CC1(C)[C@@H](C=C(Cl)Cl)[C@@H]1C(=O)OCc1cccc(Oc2ccccc2)c1,RLLPVAHGXHCWKJ-PKOBYXMFSA-N,C21H20Cl2O3,390.0789,0.99999999,0.40939761716473333,Aedes aegypti,43859
REP_00374,CC1=CC[C@@H](C(C)(C)O)CC1,WUOACPNHFRMFPN-SECBINFHSA-N,C10H18O,154.1358,0.8695652173913043,0.343705258615001,Aedes aegypti,17100
REP_00375,CC1=CC=C(C(C)C)CC1,YHQGMYUVUMAZJR-UHFFFAOYSA-N,C10H16,136.1252,0.45714285714285713,0.5425249021880016,Aedes aegypti,7462
REP_00376,CC(=O)OCc1ccccc1,QUKGYYKBILRGFE-UHFFFAOYSA-N,C9H10O2,150.0681,0.22807017543859648,0.24662673673085092,Aedes aegypti,8785
