Compound_ID,Name,SMILES,InChIKey,Molecular_Formula,MW_Da,p_repellent,OOD_Score
DEC_00005,Nitromethane,C[N+](=O)[O-],LYGJENNIWJXYER-UHFFFAOYSA-N,CH3NO2,61.0164,0.5777777777777777,0.35328859572820365
DEC_00006,Trimethylene glycol,OCCCO,YPFDHNVEDLHUCE-UHFFFAOYSA-N,C3H8O2,76.0524,0.203125,0.21684758610137161
DEC_00007,Propylene glycol,C[C@H](O)CO,DNIAPMSPPWPWGF-VKHMYHEASA-N,C3H8O2,76.0524,0.203125,0.16190034815835028
DEC_00008,n-Butyl alcohol,CCCCO,LRHPLDYGYMQRHN-UHFFFAOYSA-N,C4H10O,74.0732,0.05,0.2106541913013692
DEC_00009,iso-Butyl alcohol,CC(C)CO,ZXEKIIBDNHEJCQ-UHFFFAOYSA-N,C4H10O,74.0732,0.015151515151515152,0.15011230911001944
DEC_00010,tert-butyl alcohol,CC(C)(C)O,DKGAVHZHDRPRBM-UHFFFAOYSA-N,C4H10O,74.0732,0.11538461538461539,0.33645801143391746
DEC_00011,Nitroethane,CC[N+](=O)[O-],MCSAJNNLRCFZED-UHFFFAOYSA-N,C2H5NO2,75.032,0.2033898305084746,0.2791445723980181
DEC_00012,"N,N-Dimethyl formamide",CN(C)C=O,ZMXDDKWLCZADIW-UHFFFAOYSA-N,C3H7NO,73.0528,0.2033898305084746,0.2805907071004928
DEC_00013,Cyclopropyl nitrile,N#CC1CC1,AUQDITHEDVOTCU-UHFFFAOYSA-N,C4H5N,67.0422,0.16923076923076924,0.45556775373480757
DEC_00014,Benzene,c1ccccc1,UHOVQNZJYSORNB-UHFFFAOYSA-N,C6H6,78.047,0.22807017543859648,0.1299619972678181
DEC_00015,Cyclohexene,C1=CCCCC1,HGCIXCUEYOPUTN-UHFFFAOYSA-N,C6H10,82.0783,0.45714285714285713,0.25910482889834907
DEC_00016,cyclohexane,C1CCCCC1,XDTMQSROBMDMFD-UHFFFAOYSA-N,C6H12,84.0939,0.22807017543859648,0.13147372352617173
DEC_00017,gamma-Butyrolactone,O=C1CCCO1,YEJRWHAVMIAJKC-UHFFFAOYSA-N,C4H6O2,86.0368,0.015151515151515152,0.40390007382817206
DEC_00018,"1,4-Dioxane",C1COCCO1,RYHBNJHYFVUHQT-UHFFFAOYSA-N,C4H8O2,88.0524,0.22807017543859648,0.26963435686128645
DEC_00019,beta-Methylepichlorohydrin,CC1(CCl)CO1,VVHFXJOCUKBZFS-UHFFFAOYSA-N,C4H7ClO,106.0185,0.11538461538461539,0.5894369646739379
DEC_00020,"1,2-Butanediol",CC[C@H](O)CO,BMRWNKZVCUKKSR-BYPYZUCNSA-N,C4H10O2,90.0681,0.2033898305084746,0.18927780067435754
DEC_00021,Acetylmethylcarbinol,CC(=O)[C@H](C)O,ROWKJAVDOGWPAT-VKHMYHEASA-N,C4H8O2,88.0524,0.015151515151515152,0.2413345949821134
DEC_00022,"2-Butene-1,4-diol",OCC=CCO,ORTVZLZNOYNASJ-UHFFFAOYSA-N,C4H8O2,88.0524,0.22,0.3276902601318879
DEC_00023,"1-Butene-3,4-diol",C=C[C@@H](O)CO,ITMIAZBRRZANGB-SCSAIBSYSA-N,C4H8O2,88.0524,0.2727272727272727,0.5078664571919072
DEC_00024,"1,3-Butyleneglycol",C[C@H](O)CCO,PUPZLCDOIYMWBV-BYPYZUCNSA-N,C4H10O2,90.0681,0.05263157894736842,0.32149928319091153
DEC_00025,n-Amyl alcohol,CCCCCO,AMQJEAYHLZJPGS-UHFFFAOYSA-N,C5H12O,88.0888,1e-08,0.0892295290295194
DEC_00027,Dimethyl sulfite,COS(=O)OC,BDUPRNVPXOHWIL-UHFFFAOYSA-N,C2H6O3S,110.0038,0.11627906976744186,0.4586146423109484
DEC_00028,2-Nitropropane,CC(C)[N+](=O)[O-],FGLBSLMDCBOPQK-UHFFFAOYSA-N,C3H7NO2,89.0477,0.22,0.31087216942395385
DEC_00029,N-Methyl propionamide,CCC(=O)NC,QJQAMHYHNCADNR-UHFFFAOYSA-N,C4H9NO,87.0684,0.018867924528301886,0.44432468897529587
DEC_00030,N-Ethylacetamide,CCNC(C)=O,PMDCZENCAXMSOU-UHFFFAOYSA-N,C4H9NO,87.0684,0.0625,0.29156457804664115
DEC_00031,Butyraldehyde oxime,CCCC=NO,KGGVGTQEGGOZRN-UHFFFAOYSA-N,C4H9NO,87.0684,0.0851063829787234,0.41188934731918475
DEC_00032,Acetone cyanohydrin,CC(C)(O)C#N,MWFMGBPGAXYFAR-UHFFFAOYSA-N,C4H7NO,85.0528,0.22,0.22440470692698294
DEC_00033,"Crotonic acid, methyl ester",C/C=C/C(=O)OC,MCVVUJPXSBQTRZ-ONEGZZNKSA-N,C5H8O2,100.0524,0.05405405405405406,0.2828351619217991
DEC_00034,"n-Butyric acid, methyl ester",CCCC(=O)OC,UUIQMZJEGPQKFD-UHFFFAOYSA-N,C5H10O2,102.0681,0.018867924528301886,0.13397241370279622
DEC_00035,1-Hydroxy-2-methyl-3-butanone,CC(=O)[C@@H](C)CO,VVSRECWZBBJOTG-BYPYZUCNSA-N,C5H10O2,102.0681,0.047619047619047616,0.3708219527988192
DEC_00036,"1,4-pentanediol",C[C@H](O)CCCO,GLOBUAZSRIOKLN-YFKPBYRVSA-N,C5H12O2,104.0837,0.015151515151515152,0.215183069716471
DEC_00037,beta-iso-Propoxyethanol,CC(C)OCCO,HCGFUIQPSOCUHI-UHFFFAOYSA-N,C5H12O2,104.0837,1e-08,0.38089279663283293
DEC_00038,Acetylacetone,CC(=O)CC(C)=O,YRKCREAYFQTBPV-UHFFFAOYSA-N,C5H8O2,100.0524,0.0851063829787234,0.23954046641698673
DEC_00039,"2,4-Pentanediol",CC(O)CC(C)O,GTCCGKPBSJZVRZ-UHFFFAOYSA-N,C5H12O2,104.0837,0.1842936003004631,0.16126326774660427
DEC_00040,Pinacolone,CC(=O)C(C)(C)C,PJGSXYOJTGTZAV-UHFFFAOYSA-N,C6H12O,100.0888,0.05263157894736842,0.357317940725262
DEC_00041,Methyl iso-butyl ketone,CC(=O)CC(C)C,NTIZESTWPVYFNL-UHFFFAOYSA-N,C6H12O,100.0888,0.23529411764705882,0.3085359026999316
DEC_00042,Diallyl ether,C=CCOCC=C,ATVJXMYDOSMEPO-UHFFFAOYSA-N,C6H10O,98.0732,0.08333333333333333,0.2711279647609687
DEC_00043,Methyl tert-amyl ether,CCC(C)(C)OC,HVZJRWJGKQPSFL-UHFFFAOYSA-N,C6H14O,102.1045,1e-08,0.33865340982135894
DEC_00044,Glycerol monomethyl ether,COC[C@@H](O)CO,PSJBSUHYCGQTHZ-BYPYZUCNSA-N,C4H10O3,106.063,0.11627906976744186,0.2184867350761401
DEC_00045,"Lactic acid, methyl ester",COC(=O)[C@H](C)O,LPEKGGXMPWTOCB-VKHMYHEASA-N,C4H8O3,104.0473,0.0851063829787234,0.3198822455749012
DEC_00046,Diethylene glycol,OCCOCCO,MTHSVFCYNBDYFN-UHFFFAOYSA-N,C4H10O3,106.063,0.05405405405405406,0.15756055615679948
DEC_00047,2-Methyl glycerine,COC(CO)CO,RKOGJKGQMPZCGG-UHFFFAOYSA-N,C4H10O3,106.063,0.16923076923076924,0.33500020262485386
DEC_00048,Glutaronitrile,N#CCCCC#N,ZTOMUSMDRMJOTH-UHFFFAOYSA-N,C5H6N2,94.0531,0.16923076923076924,0.23751926926864395
DEC_00049,N-(2-hydroxyethyl)acetamide,CC(=O)NCCO,PVCJKHHOXFKFRP-UHFFFAOYSA-N,C4H9NO2,103.0633,0.05263157894736842,0.3534720575420743
DEC_00050,"Cyanoacetic acid, methyl ester",COC(=O)CC#N,ANGDWNBGPBMQHW-UHFFFAOYSA-N,C4H5NO2,99.032,0.11538461538461539,0.2555068841933708
DEC_00051,1-Nitrobutane,CCCC[N+](=O)[O-],NALZTFARIYUCBY-UHFFFAOYSA-N,C4H9NO2,103.0633,1e-08,0.4124865844836132
DEC_00052,"N,N-Diethylformamide",CCN(C=O)CC,SUAKHGWARZSWIH-UHFFFAOYSA-N,C5H11NO,101.0841,0.05405405405405406,0.4286896516967431
DEC_00053,N-iso-Propylacetamide,CC(=O)NC(C)C,PDUSWJORWQPNRP-UHFFFAOYSA-N,C5H11NO,101.0841,0.015151515151515152,0.42042753564820984
DEC_00054,N-Beta-Chloroethylacetamide,CC(=O)NCCCl,HSKNJSHFPPHTAQ-UHFFFAOYSA-N,C4H8ClNO,121.0294,0.0975609756097561,0.35794001138873244
DEC_00055,Valerolactone,O=C1CCCCO1,OZJPLYNZGCXSJM-UHFFFAOYSA-N,C5H8O2,100.0524,0.018867924528301886,0.34441208488209096
DEC_00056,Furfuryl alcohol,OCc1ccco1,XPFVYQJUAUNWIW-UHFFFAOYSA-N,C5H6O2,98.0368,0.4444444444444444,0.3544267338686563
DEC_00057,Tetrahydrofurfuryl alcohol,OC[C@H]1CCCO1,BSYVTEYKTMYBMK-RXMQYKEDSA-N,C5H10O2,102.0681,0.0625,0.43564890286514135
DEC_00059,Cyclohexanol,OC1CCCCC1,HPXRVTGHNJAIIH-UHFFFAOYSA-N,C6H12O,100.0888,0.22807017543859648,0.21288890558238843
DEC_00060,beta-Hydroxybutyrolactone,O=C1C[C@H](O)CO1,FUDDLSHBRSNCBV-VKHMYHEASA-N,C4H6O3,102.0317,0.11538461538461539,0.4236076682671743
DEC_00061,Glycerol formal,OC1COCOC1,VCKSNYNNVSOWEE-UHFFFAOYSA-N,C4H8O3,104.0473,0.22807017543859648,0.300152493514149
DEC_00062,o-Dibromobenzene,Brc1ccccc1Br,WQONPSCCEXUXTQ-UHFFFAOYSA-N,C6H4Br2,233.868,0.6333333333333333,0.32220033682167304
DEC_00063,"1-Methyl-2,3-cyclopentanediol",CC1CCC(O)C1O,KANFKJUPLALTDB-UHFFFAOYSA-N,C6H12O2,116.0837,0.2033898305084746,0.4273530448531901
DEC_00064,"1,3 Cyclohexanedione",O=C1CCCC(=O)C1,HJSLFCCWAKVHIW-UHFFFAOYSA-N,C6H8O2,112.0524,0.0975609756097561,0.18341290944119368
DEC_00065,Dimethyldioxane,CC1(C)COCCO1,HGRVTNYKVLTPAB-UHFFFAOYSA-N,C6H12O2,116.0837,0.22807017543859648,0.4693103637838883
DEC_00066,Cyclohexylcarbinol,OCC1CCCCC1,VSSAZBXXNIABDN-UHFFFAOYSA-N,C7H14O,114.1045,0.10256410256410256,0.370970678208706
DEC_00067,m-Methylcyclohexanone,C[C@H]1CCCC(=O)C1,UJBOOUHRTQVGRU-LURJTMIESA-N,C7H12O,112.0888,0.4482758620689655,0.3486682705834121
DEC_00068,m-Methylcyclohexanol,CC1CCCC(O)C1,HTSABYAWKQAHBT-UHFFFAOYSA-N,C7H14O,114.1045,0.22807017543859648,0.2968121667441066
DEC_00069,p-Methylcyclohexanol,CC1CCC(O)CC1,MQWCXKGKQLNYQG-UHFFFAOYSA-N,C7H14O,114.1045,0.45714285714285713,0.22716762725082246
DEC_00070,o-Methylcyclohexanol,CC1CCCCC1O,NDVWOBYBJYUSMF-UHFFFAOYSA-N,C7H14O,114.1045,0.22807017543859648,0.43856532069978194
DEC_00071,Anisole,COc1ccccc1,RDOXTESZEPMUJZ-UHFFFAOYSA-N,C7H8O,108.0575,0.10256410256410256,0.16393232346066372
DEC_00072,2-Acetothienone,CC(=O)c1cccs1,WYJOVVXUZNRJQY-UHFFFAOYSA-N,C6H6OS,126.0139,0.0851063829787234,0.6310574737230648
DEC_00073,4-Formylmorpholine,O=CN1CCOCC1,LCEDQNDDFOCWGG-UHFFFAOYSA-N,C5H9NO2,115.0633,0.05,0.39299982392994753
DEC_00074,1-Methyl-2-pyridone,Cn1ccccc1=O,DVVGIUUJYPYENY-UHFFFAOYSA-N,C6H7NO,109.0528,0.2727272727272727,0.4547733016729057
DEC_00075,3-Hydroxy-4-hexanone,CCC(=O)[C@@H](O)CC,SKCYVGUCBRYGTE-YFKPBYRVSA-N,C6H12O2,116.0837,1e-08,0.32543852122740013
DEC_00076,"Crotonic acid, ethyl ester",C/C=C/C(=O)OCC,ZFDIRQKJPRINOQ-HWKANZROSA-N,C6H10O2,114.0681,0.015151515151515152,0.21314857403603515
DEC_00077,"alpha,alpha-Dimethylacetic acid, ethyl ester",CCOC(=O)C(C)C,WDAXFOBOLVPGLV-UHFFFAOYSA-N,C6H12O2,116.0837,1e-08,0.3046089299590145
DEC_00078,iso-Caproic acid,CC(C)CCC(=O)O,FGKJLKRYENPLQH-UHFFFAOYSA-N,C6H12O2,116.0837,0.11538461538461539,0.32220382770148415
DEC_00079,Diacetone alcohol,CC(=O)CC(C)(C)O,SWXVUIWOUIDPGS-UHFFFAOYSA-N,C6H12O2,116.0837,0.018867924528301886,0.3639916230836147
DEC_00080,Pinacol,CC(C)(O)C(C)(C)O,IVDFJHOHABJVEH-UHFFFAOYSA-N,C6H14O2,118.0994,0.2727272727272727,0.17095902790427475
DEC_00081,"2-Methyl-1,3-pentanediol",CCC(O)C(C)CO,SPXWGAHNKXLXAP-UHFFFAOYSA-N,C6H14O2,118.0994,0.16923076923076924,0.40157693160947705
DEC_00082,"1,5-Hexanediol",C[C@H](O)CCCCO,UNVGBIALRHLALK-LURJTMIESA-N,C6H14O2,118.0994,0.0975609756097561,0.17571738679698892
DEC_00083,delta-Bromovaleric acid,O=C(O)CCCCBr,WNXNUPJZWYOKMW-UHFFFAOYSA-N,C5H9BrO2,179.9786,0.11627906976744186,0.18942139448525164
DEC_00084,n-Heptaldehyde,CCCCCCC=O,FXHGMKSSBGDXIY-UHFFFAOYSA-N,C7H14O,114.1045,0.2727272727272727,0.01268136373777144
DEC_00085,Methyl n-amyl ketone,CCCCCC(C)=O,CATSNJVOTSVZJV-UHFFFAOYSA-N,C7H14O,114.1045,0.5,0.03472378077564794
DEC_00086,Heptanol-2,CCCCCC(C)O,CETWDUZRCINIHU-UHFFFAOYSA-N,C7H16O,116.1201,0.08333333333333333,0.18251413340202685
DEC_00087,2-Hydroxyvaleric acid,CCC[C@H](O)C(=O)O,JRHWHSJDIILJAT-BYPYZUCNSA-N,C5H10O3,118.063,0.0851063829787234,0.4130302290874586
DEC_00088,"Acetoacetic acid, methyl ester",COC(=O)CC(C)=O,WRQNANDWMGAFTP-UHFFFAOYSA-N,C5H8O3,116.0473,1e-08,0.21404318685440085
DEC_00089,Acetoxyacetone,CC(=O)COC(C)=O,DBERHVIZRVGDFO-UHFFFAOYSA-N,C5H8O3,116.0473,1e-08,0.3252492901384716
DEC_00090,Levulinic acid,CC(=O)CCC(=O)O,JOOXCMJARBKPKM-UHFFFAOYSA-N,C5H8O3,116.0473,0.05263157894736842,0.18474581441270468
DEC_00091,"Pyruvic acid, ethyl ester",CCOC(=O)C(C)=O,XXRCUYVCPSWGCC-UHFFFAOYSA-N,C5H8O3,116.0473,1e-08,0.2830981365900193
DEC_00092,Adiponitrile,N#CCCCCC#N,BTGRAWJCKBQKAO-UHFFFAOYSA-N,C6H8N2,108.0687,0.0975609756097561,0.1827292344372064
DEC_00093,"N,N-Dimethyl methoxyacetamide",COCC(=O)N(C)C,DZLUPKIRNOCKJB-UHFFFAOYSA-N,C5H11NO2,117.079,0.047619047619047616,0.517721506747336
DEC_00094,N-iso-Propylpropionamide,CCC(=O)NC(C)C,KYKDOARTYFGHPC-UHFFFAOYSA-N,C6H13NO,115.0997,0.018518518518518517,0.3623673215186533
DEC_00095,"N,N-Diethylacetamide",CCN(CC)C(C)=O,AJFDBNQQDYLMJN-UHFFFAOYSA-N,C6H13NO,115.0997,0.018518518518518517,0.25920920196690805
DEC_00096,"1,1,2,3-Tetrachloro-3,3-difluoropropane",FC(F)(Cl)[C@@H](Cl)C(Cl)Cl,BSCVZPZOUUQZJJ-SFOWXEAESA-N,C3H2Cl4F2,215.8879,0.0975609756097561,0.6072328357211557
DEC_00097,"Malonic acid, dimethyl ester",COC(=O)CC(=O)OC,BEPAFCGSDWSTEL-UHFFFAOYSA-N,C5H8O4,132.0423,0.018518518518518517,0.1951408374887844
DEC_00098,"Glycolic acid, beta-methoxyethyl ester",COCCOC(=O)CO,IVHPEUVYKMPFGU-UHFFFAOYSA-N,C5H10O4,134.0579,0.018867924528301886,0.22368331760697918
DEC_00099,"Valeric acid, ethyl ester",CCCCC(=O)OCC,ICMAFTSLXCXHRK-UHFFFAOYSA-N,C7H14O2,130.0994,0.018867924528301886,0.1251523298105088
DEC_00100,"Acetic acid, amyl ester",CCCCCOC(C)=O,PGMYKACGEOXYJE-UHFFFAOYSA-N,C7H14O2,130.0994,0.018867924528301886,0.10102794246852412
DEC_00101,"Acetic acid, iso-amyl ester",CC(=O)OCCC(C)C,MLFHJEHSLIIPHL-UHFFFAOYSA-N,C7H14O2,130.0994,0.047619047619047616,0.17158059147818558
DEC_00102,2-Ethylhexanol,CCCC[C@H](CC)CO,YIWUKEYIRIRTPP-QMMMGPOBSA-N,C8H18O,130.1358,0.7037037037037037,0.3588611980927653
DEC_00103,Methyl heptenone,CCCC=CC(=O)CC,JPTOCTSNXXKSSN-UHFFFAOYSA-N,C8H14O,126.1045,0.44680851063829785,0.4320140593368252
DEC_00104,Methyl hexyl ketone,CCCCCCC(C)=O,ZPVFWPFBNIEHGJ-UHFFFAOYSA-N,C8H16O,128.1201,0.875,0.008673219353322855
DEC_00105,"Butyric acid, beta-hydroxyethyl ester",CCCC(=O)OCCO,GIOCILWWMFZESP-UHFFFAOYSA-N,C6H12O3,132.0786,0.018518518518518517,0.29109254164397386
DEC_00106,"Acetic acid, beta-ethoxyethyl ester",CCOCCOC(C)=O,SVONRAPFKPVNKG-UHFFFAOYSA-N,C6H12O3,132.0786,0.018867924528301886,0.19915994016566932
DEC_00107,"Glycolic acid, sec-butyl ester",CC[C@H](C)OC(=O)CO,BIGVSMRJOBZZNM-YFKPBYRVSA-N,C6H12O3,132.0786,0.015151515151515152,0.2912363575526477
DEC_00108,"Glycolic acid, butyl ester",CCCCOC(=O)CO,VFGRALUHHHDIQI-UHFFFAOYSA-N,C6H12O3,132.0786,0.018518518518518517,0.19167417404656942
DEC_00109,"Glycolic acid, iso-butyl ester",CC(C)COC(=O)CO,DYVMQTLQAZMTNK-UHFFFAOYSA-N,C6H12O3,132.0786,0.047619047619047616,0.23505826837606242
DEC_00110,"Lactic acid, iso-propyl ester",CC(C)OC(=O)[C@H](C)O,KIWATKANDHUUOB-YFKPBYRVSA-N,C6H12O3,132.0786,0.018867924528301886,0.2547329585022619
DEC_00111,"Acetoacetic acid, ethyl ester",CCOC(=O)CC(C)=O,XYIBRDXRRQCHLP-UHFFFAOYSA-N,C6H10O3,130.063,0.018518518518518517,0.17684669626659025
DEC_00112,"beta-Methoxypropionic acid, ethyl ester",CCOC(=O)CCOC,IJUHLFUALMUWOM-UHFFFAOYSA-N,C6H12O3,132.0786,0.018518518518518517,0.1479752703717038
DEC_00113,"Levulinic acid, methyl ester",COC(=O)CCC(C)=O,UAGJVSRUFNSIHR-UHFFFAOYSA-N,C6H10O3,130.063,0.018867924528301886,0.14760316069787466
DEC_00114,beta-Diethylaminopropionitrile,CCN(CC)CCC#N,LFFKXGFSDGRFQA-UHFFFAOYSA-N,C7H14N2,126.1157,0.41509433962264153,0.3897946964649441
DEC_00115,"2,3-Dimethyl-2-hexenenitrile",CCCC(C)=C(C)C#N,SICIJSJBDJJXPE-UHFFFAOYSA-N,C8H13N,123.1048,0.2033898305084746,0.33423139553998016
DEC_00116,"Methylcyanoacetic acid, ethyl ester",CCOC(=O)[C@H](C)C#N,MIHRVXYXORIINI-RXMQYKEDSA-N,C6H9NO2,127.0633,0.11627906976744186,0.4094452997214516
DEC_00117,3-Butoxypropionitrile,CCCCOCCC#N,AWVNJBFNHGQUQU-UHFFFAOYSA-N,C7H13NO,127.0997,1e-08,0.2847216736889761
DEC_00118,alpha-Acetoxypropionamide,CC(=O)O[C@@H](C)C(N)=O,GTRYKHGXRVCFOV-VKHMYHEASA-N,C5H9NO3,131.0582,0.027765320754072967,0.47568515318726495
DEC_00119,N-Hydroxyethyl lactamide,C[C@H](O)C(=O)NCCO,RZCHTMXTKQHYDT-BYPYZUCNSA-N,C5H11NO3,133.0739,0.0851063829787234,0.4588600733254896
DEC_00120,Indan,c1ccc2c(c1)CCC2,PQNFLJBBNBOBRQ-UHFFFAOYSA-N,C9H10,118.0783,0.0975609756097561,0.15806406873309448
DEC_00121,Benzoxazole,c1ccc2ocnc2c1,BCMCBBGGLRIHSE-UHFFFAOYSA-N,C7H5NO,119.0371,0.23529411764705882,0.5677829647255381
DEC_00122,"3,4-Dichloro toluene",Cc1ccc(Cl)c(Cl)c1,WYUIWKFIFOJVKW-UHFFFAOYSA-N,C7H6Cl2,159.9847,0.7777777777777778,0.41422404045985867
DEC_00123,4-Bromo-o-xylene,Cc1ccc(Br)cc1C,QOGHRLGTXVMRLM-UHFFFAOYSA-N,C8H9Br,183.9888,0.6333333333333333,0.4650640227894495
DEC_00124,"2,4-Dimethyl-2,3-epoxy-4-pentanol",CC(C)(O)[C@@H]1OC1(C)C,WGCFOFRTAREJNT-YFKPBYRVSA-N,C7H14O2,130.0994,0.16923076923076924,0.4082389326421
DEC_00125,Salicylaldehyde,O=Cc1ccccc1O,SMQUZDBALVYZAC-UHFFFAOYSA-N,C7H6O2,122.0368,0.22807017543859648,0.32610616782816565
DEC_00126,2-Propyl-m-dioxane,CCCC1OCCCO1,TXLICGCGWAEPIB-UHFFFAOYSA-N,C7H14O2,130.0994,0.0625,0.41920342973272984
DEC_00127,m-Methoxycyclohexanol,COC1CCCC(O)C1,ANRGBAYCAUTVKN-UHFFFAOYSA-N,C7H14O2,130.0994,0.10256410256410256,0.3944037014004402
DEC_00128,Phenylacetaldehyde,O=CCc1ccccc1,DTUQWGWMVIHBKE-UHFFFAOYSA-N,C8H8O,120.0575,0.22807017543859648,0.3446370388879958
DEC_00129,m-Tolualdehyde,Cc1cccc(C=O)c1,OVWYEQOVUDKZNU-UHFFFAOYSA-N,C8H8O,120.0575,0.10256410256410256,0.24708955665092744
DEC_00130,1-Ethynylcyclohexanol,C#CC1(O)CCCCC1,QYLFHLNFIHBCPR-UHFFFAOYSA-N,C8H12O,124.0888,0.22807017543859648,0.4151617194176794
DEC_00131,p-Cresyl methyl ether,COc1ccc(C)cc1,CHLICZRVGGXEOD-UHFFFAOYSA-N,C8H10O,122.0732,0.10256410256410256,0.185091271266582
DEC_00132,o-Bromoanisole,COc1ccccc1Br,HTDQSWDEWGSAMN-UHFFFAOYSA-N,C7H7BrO,185.968,0.22807017543859648,0.2785958744383024
DEC_00133,Benzyl cyanide,N#CCc1ccccc1,SUSQOBVLVYHIEX-UHFFFAOYSA-N,C8H7N,117.0578,0.10256410256410256,0.2773114795890307
DEC_00134,4-Acetylmorpholine,CC(=O)N1CCOCC1,KYWXRBNOYGGPIZ-UHFFFAOYSA-N,C6H11NO2,129.079,0.0625,0.38632966835547994
DEC_00135,N-methylcaprolactam,CN1CCCCCC1=O,ZWXPDGCFMMFNRW-UHFFFAOYSA-N,C7H13NO,127.0997,0.11538461538461539,0.5107938824595867
DEC_00137,Limonene,C=C(C)[C@@H]1CC=C(C)CC1,XMGQYMWWDOXHJM-SNVBAGLBSA-N,C10H16,136.1252,0.45714285714285713,0.2828967591493327
DEC_00138,p-Cymene,Cc1ccc(C(C)C)cc1,HFPZCAJZSCWRBC-UHFFFAOYSA-N,C10H14,134.1096,0.22807017543859648,0.21161192871618315
DEC_00139,"2,3-Dimethoxy-1,4-dioxane",COC1OCCOC1OC,UOFNWHNRPMWMQL-UHFFFAOYSA-N,C6H12O4,148.0736,0.10256410256410256,0.3905380966105964
DEC_00140,Methyl 1-hydroxycyclohexyl ketone,CC(=O)C1(O)CCCCC1,JKAKPUWJSRMKFH-UHFFFAOYSA-N,C8H14O2,142.0994,0.22807017543859648,0.4021149732842048
DEC_00141,"Formic acid, benzyl ester",O=COCc1ccccc1,UYWQUFXKFGHYNT-UHFFFAOYSA-N,C8H8O2,136.0524,0.10256410256410256,0.49534275422049534
DEC_00142,"Cyclohexanecarboxylic acid, methyl ester",COC(=O)C1CCCCC1,ZQWPRMPSCMSAJU-UHFFFAOYSA-N,C8H14O2,142.0994,0.0625,0.2729161520957919
DEC_00143,"Acetic acid, Phenyl ester",CC(=O)Oc1ccccc1,IPBVNPXQWQGGJP-UHFFFAOYSA-N,C8H8O2,136.0524,0.0625,0.24188271968172115
DEC_00144,"Acetic acid, cyclohexyl ester",CC(=O)OC1CCCCC1,YYLLIJHXUHJATK-UHFFFAOYSA-N,C8H14O2,142.0994,0.0625,0.408823698502996
DEC_00145,o-hydroxyacetophenone,CC(=O)c1ccccc1O,JECYUBVRTQDVAT-UHFFFAOYSA-N,C8H8O2,136.0524,0.45714285714285713,0.3932355241315381
DEC_00146,Veratrole,COc1ccccc1OC,ABDKAPXRBAPSQN-UHFFFAOYSA-N,C8H10O2,138.0681,0.0625,0.1674131597104669
DEC_00147,2-Methyl-2-n-propyl-m-dioxane,CCCC1(C)OCCCO1,HDOIBVZWOIBSHI-UHFFFAOYSA-N,C8H16O2,144.115,0.22807017543859648,0.4785568173915424
DEC_00148,"2,6-Dimethyl-1,2,3,6-tetrahydrobenzaldehyde",CC1C=CCC(C)C1C=O,CJHVOGFYMKIUAW-UHFFFAOYSA-N,C9H14O,138.1045,0.6333333333333333,0.46635280635941717
DEC_00149,Hydratropic aldehyde,CC(C=O)c1ccccc1,IQVAERDLDAZARL-UHFFFAOYSA-N,C9H10O,134.0732,0.22807017543859648,0.41334728464025533
DEC_00150,"3,3,5-Trimethylcyclohexanol",CC1CC(O)CC(C)(C)C1,BRRVXFOKWJKTGG-UHFFFAOYSA-N,C9H18O,142.1358,0.6333333333333333,0.35110079419835294
DEC_00151,Phenyl acetone,CC(=O)Cc1ccccc1,QCCDLTOVEPVEJK-UHFFFAOYSA-N,C9H10O,134.0732,0.22807017543859648,0.3508563061532126
DEC_00152,Benzyl ethyl ether,CCOCc1ccccc1,AXPZDYVDTMMLNB-UHFFFAOYSA-N,C9H12O,136.0888,0.10256410256410256,0.20737401342592546
DEC_00153,Allyl phenyl ether,C=CCOc1ccccc1,POSICDHOUBKJKP-UHFFFAOYSA-N,C9H10O,134.0732,0.22807017543859648,0.2249522356580643
DEC_00154,"3,5-Dimethylanisole",COc1cc(C)cc(C)c1,JCHJBEZBHANKGA-UHFFFAOYSA-N,C9H12O,136.0888,0.22807017543859648,0.26935152648350824
DEC_00155,p-Chloroacetophenone,CC(=O)c1ccc(Cl)cc1,BUZYGTVTZYSBCU-UHFFFAOYSA-N,C8H7ClO,154.0185,0.22807017543859648,0.24002778212913017
DEC_00156,o-Bromophenetole,CCOc1ccccc1Br,JVEQWIQHHWNMQX-UHFFFAOYSA-N,C8H9BrO,199.9837,0.22807017543859648,0.3145501049257567
DEC_00158,beta-Bromophenetole,BrCCOc1ccccc1,JJFOBACUIRKUPN-UHFFFAOYSA-N,C8H9BrO,199.9837,0.10256410256410256,0.4200075687625954
DEC_00159,4-Chlorophenyl ethyl ether,CCOc1ccc(Cl)cc1,IXLSVQMYQRAMEW-UHFFFAOYSA-N,C8H9ClO,156.0342,0.22807017543859648,0.1925255225317964
DEC_00160,"Acetic acid, furfuryl ester",CC(=O)OCc1ccco1,CKOYRRWBOKMNRG-UHFFFAOYSA-N,C7H8O3,140.0473,0.0851063829787234,0.4453202656525061
DEC_00161,p-Chlorobenzylcyanide,N#CCc1ccc(Cl)cc1,IVYMIRMKXZAHRV-UHFFFAOYSA-N,C8H6ClN,151.0189,0.22807017543859648,0.291086009023971
DEC_00163,"3,7-Dimethyl-1,3,6-octatriene",C=CC(C)=CCC=C(C)C,IHPKGUQCSIINRJ-UHFFFAOYSA-N,C10H16,136.1252,0.5777777777777777,0.38007998376640695
DEC_00164,"Acetylglycolic acid, ethyl ester",CCOC(=O)[C@@H](O)C(C)=O,BKLZHQNOJJQEBA-YFKPBYRVSA-N,C6H10O4,146.0579,0.018867924528301886,0.3804537496613837
DEC_00165,"Lactic acid, methoxyethyl ester",COCCOC(=O)[C@H](C)O,SYSKPGKUJADWSC-YFKPBYRVSA-N,C6H12O4,148.0736,0.015151515151515152,0.20884662473538473
DEC_00166,"Succinic acid, dimethyl ester",COC(=O)CCC(=O)OC,MUXOBHXGJLMRAB-UHFFFAOYSA-N,C6H10O4,146.0579,0.015151515151515152,0.12267668139000724
DEC_00167,Triethylene glycol,OCCOCCOCCO,ZIBGPFATKBEMQZ-UHFFFAOYSA-N,C6H14O4,150.0892,0.0851063829787234,0.1626255624836679
DEC_00168,Butyroin,CCCC(=O)[C@@H](O)CCC,BVEYJWQCMOVMAR-ZETCQYMHSA-N,C8H16O2,144.115,0.203125,0.47056531759197207
DEC_00169,"Valeric acid, n-propyl ester",CCCCC(=O)OCCC,ROJKPKOYARNFNB-UHFFFAOYSA-N,C8H16O2,144.115,0.015151515151515152,0.12119308529297118
DEC_00170,"Crotonic acid, iso-butyl ester",C/C=C/C(=O)OCC(C)C,XDOWKOALJBOBBL-SNAWJCMRSA-N,C8H14O2,142.0994,0.44680851063829785,0.2586522925833246
DEC_00171,"n-Butyric acid, n-butyl ester",CCCCOC(=O)CCC,XUPYJHCZDLZNFP-UHFFFAOYSA-N,C8H16O2,144.115,0.015151515151515152,0.11485064578677845
DEC_00172,"n-Butyric acid, tert-butyl ester",CCCC(=O)OC(C)(C)C,TWBUVVYSQBFVGZ-UHFFFAOYSA-N,C8H16O2,144.115,0.018867924528301886,0.30500756837618914
DEC_00173,"Valeric acid, iso-propyl ester",CCCCC(=O)OC(C)C,OCAIYHCKLADPEG-UHFFFAOYSA-N,C8H16O2,144.115,1e-08,0.159612624645485
DEC_00174,"Pivalic acid, allyl ester",C=CCOC(=O)C(C)(C)C,GVVKBARIYRBZHC-UHFFFAOYSA-N,C8H14O2,142.0994,0.2033898305084746,0.3009287985833637
DEC_00175,3-Methyl-4-hydroxy-2-heptanone,CCCC(O)C(C)C(C)=O,NQORAOWGAVMMJT-UHFFFAOYSA-N,C8H16O2,144.115,0.3052294998120103,0.40787854392899164
DEC_00176,"3-Allyl-2,4-pentanedione",C=CCC(C(C)=O)C(C)=O,QBQVCCUJHAORJO-UHFFFAOYSA-N,C8H12O2,140.0837,0.5660377358490566,0.3505575654179946
DEC_00177,"2,3-diethoxy-1,3-butadiene",C=C(OCC)C(=C)OCC,NSCSTEHHIAANDP-UHFFFAOYSA-N,C8H14O2,142.0994,0.0975609756097561,0.35059840835679706
DEC_00178,2-Ethyl-3-hydroxyhexanal,CCCC(O)C(C=O)CC,FMBAIQMSJGQWLF-UHFFFAOYSA-N,C8H16O2,144.115,0.6388888888888888,0.44728783217811363
DEC_00179,"beta-bromopropionic acid, n-butyl ester",CCCCOC(=O)CCBr,QDEAPWRQCUZSEZ-UHFFFAOYSA-N,C7H13BrO2,208.0099,0.015151515151515152,0.3287749701135447
DEC_00180,"Chloroacetic acid, iso-amyl ester",CC(C)CCOC(=O)CCl,UZQBACINTKFBSX-UHFFFAOYSA-N,C7H13ClO2,164.0604,0.015151515151515152,0.24268413641186723
DEC_00181,Di-n-butylcarbinol,CCCCC(O)CCCC,FCBBRODPXVPZAH-UHFFFAOYSA-N,C9H20O,144.1514,0.6388888888888888,0.22258274265718844
DEC_00182,Phorone,CC(C)=CC(=O)C=C(C)C,MTZWHHIREPJPTG-UHFFFAOYSA-N,C9H14O,138.1045,0.44680851063829785,0.40784331147187447
DEC_00184,Hexamethylacetone,CC(C)(C)C(=O)C(C)(C)C,UIQGEWJEWJMQSL-UHFFFAOYSA-N,C9H18O,142.1358,0.5,0.3429486380474895
DEC_00185,Di-iso-propyl ethynyl carbinol,C#CC(O)(C(C)C)C(C)C,DIFXCBNNWBBNCA-UHFFFAOYSA-N,C9H16O,140.1201,0.5660377358490566,0.4389366673535206
DEC_00186,"Levulinic acid, ethyl ester",CCOC(=O)CCC(C)=O,GMEONFUTDYJSNV-UHFFFAOYSA-N,C7H12O3,144.0786,0.018518518518518517,0.14944274003230537
DEC_00187,"beta-n-Propoxypropionic acid, methyl ester",CCCOCCC(=O)OC,DMHHINXESLPPMV-UHFFFAOYSA-N,C7H14O3,146.0943,0.015151515151515152,0.3186531371591074
DEC_00188,"Lactic acid, crotyl ester",CC=CCOC(=O)[C@H](C)O,LVQNETYCSPTNBN-LURJTMIESA-N,C7H12O3,144.0786,0.0851063829787234,0.3199100217746753
DEC_00189,"Carbonic acid, ethyl methallyl ester",C=C(C)COC(=O)OCC,KHEYIKCJZVEFGN-UHFFFAOYSA-N,C7H12O3,144.0786,1e-08,0.4132118703086611
DEC_00190,"beta-Methoxypropionic acid, allyl ester",C=CCOC(=O)CCOC,MXYTZNKZSBLEOE-UHFFFAOYSA-N,C7H12O3,144.0786,0.015151515151515152,0.18832171420315752
DEC_00191,"Acetoacetic acid, allyl ester",C=CCOC(=O)CC(C)=O,AXLMPTNTPOWPLT-UHFFFAOYSA-N,C7H10O3,142.063,1e-08,0.2137494413859609
DEC_00192,"Methylacetoacetic acid, ethyl ester",CCOC(=O)CC(=O)CC,UDRCONFHWYGWFI-UHFFFAOYSA-N,C7H12O3,144.0786,0.015151515151515152,0.350008291943543
DEC_00193,"1,3-Diethoxy-2-hydroxypropane",CCOCC(O)COCC,WIHIUTUAHOZVLE-UHFFFAOYSA-N,C7H16O3,148.1099,0.2033898305084746,0.35035103451265787
DEC_00194,1-(2-Chloroethoxy)-2-(2-hydroxyethoxy)ethane,OCCOCCOCCCl,KECMLGZOQMJIBM-UHFFFAOYSA-N,C6H13ClO3,168.0553,0.0975609756097561,0.20721648752413652
DEC_00195,"Acetoacetic acid, beta-chloroethyl ester",CC(=O)CC(=O)OCCCl,JAEUQHNZRROYID-UHFFFAOYSA-N,C6H9ClO3,164.024,1e-08,0.225448135217243
DEC_00196,2-Acetoxy-2-cyanobutane,CC[C@@](C)(C#N)OC(C)=O,KDXFFTRVSGVZQW-ZETCQYMHSA-N,C7H11NO2,141.079,0.05263157894736842,0.4328197229448219
DEC_00197,"N-beta-Chloroethylcarbamic acid, beta-chloroethyl ester",O=C(NCCCl)OCCCl,XIQADOQASLVHKK-UHFFFAOYSA-N,C5H9Cl2NO2,185.001,0.19672131147540983,0.5068500169649253
DEC_00198,"N-(1,1-Dimethyl-2-hydroxyethyl) hydroxyacetamide",CC(C)(CO)NC(=O)CO,APEQQFQZNVXMMT-UHFFFAOYSA-N,C6H13NO3,147.0895,0.0851063829787234,0.5010249926763783
DEC_00199,Triethanolamine,OCCN(CCO)CCO,GSEJCLTVZPLZKY-UHFFFAOYSA-N,C6H15NO3,149.1052,0.6521739130434783,0.3661759435834127
DEC_00200,4-Methyl-2-nitro-3-pentanol,CC(C)C(O)C(C)[N+](=O)[O-],LOCQZPLNYZAZHO-UHFFFAOYSA-N,C6H13NO3,147.0895,0.018518518518518517,0.43345788103139793
DEC_00201,Tetrahydronaphthalene,c1ccc2c(c1)CCCC2,CXWXQJXEFPUFDZ-UHFFFAOYSA-N,C10H12,132.0939,0.0975609756097561,0.15188525567289826
DEC_00202,Decahydronaphthalene,C1CCC2CCCCC2C1,NNBZCPXTIHJBJL-UHFFFAOYSA-N,C10H18,138.1409,0.5,0.18050770505237596
DEC_00203,"1,4-Benzodioxan",c1ccc2c(c1)OCCO2,BNBQRQQYDMDJAH-UHFFFAOYSA-N,C8H8O2,136.0524,0.3333333333333333,0.3802166862574845
DEC_00204,1-Bromonaphthalene,Brc1cccc2ccccc12,DLKQHBOKULLWDQ-UHFFFAOYSA-N,C10H7Br,205.9731,0.0975609756097561,0.360441224095356
DEC_00205,d-beta-Thujone,CC(C)[C@]12CC(=O)[C@@H](C)[C@H]1C2,USMNOWBWPHYOEA-XKSSXDPKSA-N,C10H16O,152.1201,0.8235294117647058,0.6679133332147206
DEC_00207,Fenchyl alcohol,CC12CCC(C1)C(C)(C)C2O,IAIHUHQCLTYTSF-UHFFFAOYSA-N,C10H18O,154.1358,0.5777777777777777,0.4558347979245212
DEC_00208,Eucalyptol,CC1(C)O[C@]2(C)CC[C@H]1CC2,WEEGYLXZBRQIMU-WAAGHKOSSA-N,C10H18O,154.1358,0.0851063829787234,0.3103378126562924
DEC_00209,"2,5-Dimethyl-2,3-dihydrobenzofuran",Cc1ccc2c(c1)C[C@H](C)O2,SAONKSARTGRFQG-QMMMGPOBSA-N,C10H12O,148.0888,0.41509433962264153,0.49214368194257635
DEC_00210,"2,7-DimethylcoumaroneCompound 953",Cc1cc2cccc(C)c2o1,VEUMMZPESXCKAI-UHFFFAOYSA-N,C10H10O,146.0732,0.5,0.545765581399268
DEC_00211,N-Phenylpyrrole,c1ccc(-n2cccc2)cc1,GEZGAZKEOUKLBR-UHFFFAOYSA-N,C10H9N,143.0735,0.5,0.49954852302897834
DEC_00212,"Methacryloxyacetic acid, methyl ester",C=C(C)C(=O)OCC(=O)OC,QFRDYGWJZGSWIJ-UHFFFAOYSA-N,C7H10O4,158.0579,0.018518518518518517,0.3858592239015086
DEC_00213,"Adipic acid, methyl hydrogen ester",COC(=O)CCCCC(=O)O,UOBSVARXACCLLH-UHFFFAOYSA-N,C7H12O4,160.0736,0.05263157894736842,0.154926926679108
DEC_00214,"alpha-Propionoxypropionic acid, methyl ester",CCC(=O)O[C@@H](C)C(=O)OC,QCHIRICIDKIMSH-YFKPBYRVSA-N,C7H12O4,160.0736,0.018867924528301886,0.36502085935371476
DEC_00215,"Lactic acid, beta-ethoxyethyl ester",CCOCCOC(=O)[C@H](C)O,WWLJGQOZMKGWOW-LURJTMIESA-N,C7H14O4,162.0892,0.015151515151515152,0.20866146270775146
DEC_00216,"Malonic acid, diethyl ester",CCOC(=O)CC(=O)OCC,IYXGSMUGOJNHAZ-UHFFFAOYSA-N,C7H12O4,160.0736,0.015151515151515152,0.15288500019922813
DEC_00217,Acetyl neo-pentylmethyl ketone,CC(=O)C(=O)CCC(C)(C)C,VJDSJOVJJWKZPU-UHFFFAOYSA-N,C9H16O2,156.115,0.11627906976744186,0.4718990113136065
DEC_00218,"Allylacetic acid, n-butyl ester",C=CCCC(=O)OCCCC,FSTRNYPZAMXNTC-UHFFFAOYSA-N,C9H16O2,156.115,0.015151515151515152,0.2949430831336464
DEC_00219,"Caproic acid, allyl ester",C=CCOC(=O)CCCCC,RCSBILYQLVXLJG-UHFFFAOYSA-N,C9H16O2,156.115,0.0851063829787234,0.18479808831135472
DEC_00220,"Caproic acid, n-propyl ester",CCCCCC(=O)OCCC,HTUIWRWYYVBCFT-UHFFFAOYSA-N,C9H18O2,158.1307,0.018867924528301886,0.12712079928304806
DEC_00221,"Crotonic acid, n-amyl ester",C/C=C/C(=O)OCCCCC,PWYYERNADDIMJR-QPJJXVBHSA-N,C9H16O2,156.115,0.0851063829787234,0.24885659890490333
DEC_00222,"n-Butyric acid, n-amyl ester",CCCCCOC(=O)CCC,CFNJLPHOBMVMNS-UHFFFAOYSA-N,C9H18O2,158.1307,0.018867924528301886,0.11532081754719938
DEC_00223,"Butyric acid, iso-amyl ester",CCCC(=O)OCCC(C)C,PQLMXFQTAMDXIZ-UHFFFAOYSA-N,C9H18O2,158.1307,1e-08,0.16520353576734118
DEC_00224,"n-Butyric acid, tert-amyl ester",CCCC(=O)OC(C)(C)CC,VTZSXMMBJHMLEE-UHFFFAOYSA-N,C9H18O2,158.1307,0.018518518518518517,0.4372769949900753
DEC_00225,"Acrylic acid, 4-methyl-4-pentene-2-yl ester",C=CC(=O)O[C@@H](C)CC(=C)C,BDTCRRVTROVHGF-QMMMGPOBSA-N,C9H14O2,154.0994,0.0975609756097561,0.4056955949318866
DEC_00226,"Acrylic acid, 4-methyl-2-pentyl ester",C=CC(=O)O[C@@H](C)CC(C)C,BVDBXCXQMHBGQM-QMMMGPOBSA-N,C9H16O2,156.115,0.0625,0.3124354787778814
DEC_00227,"Caprylic acid, methyl ester",CCCCCCCC(=O)OC,JGHZJRVDZXSNKQ-UHFFFAOYSA-N,C9H18O2,158.1307,1e-08,0.13800802077803528
DEC_00228,"Acetic acid, n-heptyl ester",CCCCCCCOC(C)=O,ZCZSIDMEHXZRLG-UHFFFAOYSA-N,C9H18O2,158.1307,0.047619047619047616,0.09227000913825129
DEC_00229,"Caproic acid, iso-propyl ester",CCCCCC(=O)OC(C)C,JSHDAORXSNJOBA-UHFFFAOYSA-N,C9H18O2,158.1307,1e-08,0.16389662118755383
DEC_00230,"1,9-Nonanediol",OCCCCCCCCCO,ALVZNPYWJMLXKV-UHFFFAOYSA-N,C9H20O2,160.1463,0.5531914893617021,0.08864934730072867
DEC_00231,"Butyric acid, 3-chloro-2-methylpropyl ester",CCCC(=O)OC[C@H](C)CCl,FYTUAAJVCXXRAD-SSDOTTSWSA-N,C8H15ClO2,178.0761,0.0975609756097561,0.3655040225411131
DEC_00232,"Trichloroacetic acid, n-butyl ester",CCCCOC(=O)C(Cl)(Cl)Cl,SECVZLDDYUWJAC-UHFFFAOYSA-N,C6H9Cl3O2,217.9668,0.11627906976744186,0.4057852021847919
DEC_00233,"Trichloroacetic acid, sec-butyl ester",CC[C@H](C)OC(=O)C(Cl)(Cl)Cl,CJTKROHEGUUXOZ-BYPYZUCNSA-N,C6H9Cl3O2,217.9668,0.018518518518518517,0.3732802159204374
DEC_00234,n-Decyl alcohol,CCCCCCCCCCO,MWKFXSUHUHTGQN-UHFFFAOYSA-N,C10H22O,158.1671,0.22,0.06640220561446494
DEC_00235,Diamyl ether,CCCCCOCCCCC,AOPDRZXCEAKHHW-UHFFFAOYSA-N,C10H22O,158.1671,1e-08,0.151805030952919
DEC_00236,Di-iso-amyl ether,CC(C)CCOCCC(C)C,AQZGPSLYZOOYQP-UHFFFAOYSA-N,C10H22O,158.1671,0.203125,0.1780181875868752
DEC_00237,"Carbonic acid, methyl alpha-carbomethoxyethyl ester",COC(=O)O[C@@H](C)C(=O)OC,YYQQVTLVYLTGPR-BYPYZUCNSA-N,C6H10O5,162.0528,0.0625,0.41829998601509466
DEC_00238,"beta-Methoxypropionic acid, sec-butyl ester",CC[C@H](C)OC(=O)CCOC,VBYMWZHONSTKTK-ZETCQYMHSA-N,C8H16O3,160.1099,0.047619047619047616,0.20937915601401924
DEC_00239,"2-Ethylacetoacetic acid, ethyl ester",CCOC(=O)[C@@H](CC)C(C)=O,OKANYBNORCUPKZ-ZETCQYMHSA-N,C8H14O3,158.0943,0.047619047619047616,0.41447035384116615
DEC_00240,"alpha-Propionylpropionic acid, ethyl ester",CCOC(=O)[C@@H](C)C(=O)CC,YXZUMIRYUCTIGL-LURJTMIESA-N,C8H14O3,158.0943,0.047619047619047616,0.5479727127343271
DEC_00241,"Trimethylpyruvic acid, ethyl ester",CCOC(=O)C(=O)C(C)(C)C,LPUVHKRZLUSGEQ-UHFFFAOYSA-N,C8H14O3,158.0943,0.0625,0.4816128551189546
DEC_00242,"Lactic acid, n-amyl ester",CCCCCOC(=O)[C@H](C)O,GXOHBWLPQHTYPF-ZETCQYMHSA-N,C8H16O3,160.1099,0.20408163265306123,0.17581880165446573
DEC_00243,"Lactic acid, iso-amyl ester",CC(C)CCOC(=O)[C@H](C)O,CRORGGSWAKIXSA-ZETCQYMHSA-N,C8H16O3,160.1099,0.05,0.18585594570189568
DEC_00244,"beta-Methoxypropionic acid, n-butyl ester",CCCCOC(=O)CCOC,RRIRSNXZGJWTQM-UHFFFAOYSA-N,C8H16O3,160.1099,0.015151515151515152,0.14577536191100887
DEC_00245,"beta-Methoxypropionic acid, iso-butyl ester",COCCC(=O)OCC(C)C,BNIUEJUHBMPWKI-UHFFFAOYSA-N,C8H16O3,160.1099,0.018518518518518517,0.20988327068043208
DEC_00246,"Acetoacetic acid, crotyl ester",CC=CCOC(=O)CC(C)=O,DIHQENJQJILKQM-UHFFFAOYSA-N,C8H12O3,156.0786,0.0851063829787234,0.2899125132360929
DEC_00247,n-Decane nitrile,CCCCCCCCCC#N,HBZDPWBWBJMYRY-UHFFFAOYSA-N,C10H19N,153.1517,0.16923076923076924,0.19201645875462395
DEC_00248,3-Methyl-2-propyl-2-hexenenitrile,CCCC(C)=C(C#N)CCC,GUHOEWLQDDUDHZ-UHFFFAOYSA-N,C10H17N,151.1361,0.41509433962264153,0.5269649660464492
DEC_00249,2-Methyl-3-propyl-2-hexenenitrile,CCCC(CCC)=C(C)C#N,USKCEFASUOAVIP-UHFFFAOYSA-N,C10H17N,151.1361,0.2727272727272727,0.47946178995723554
DEC_00250,2-iso-Propyl-3-methyl-2-hexenenitrile,CCCC(C)=C(C#N)C(C)C,VCUGWCHJBAIPCO-UHFFFAOYSA-N,C10H17N,151.1361,0.41509433962264153,0.4902011788005238
DEC_00251,"iso-Propylidenecyanoacetic acid, ethyl ester",CCOC(=O)C(C#N)=C(C)C,PZMDAADKKAXROL-UHFFFAOYSA-N,C8H11NO2,153.079,0.22,0.5119458831775299
DEC_00252,"N,N-Dipropylpropionamide",CCCN(CCC)C(=O)CC,ARCMPHHHUFVAOI-UHFFFAOYSA-N,C9H19NO,157.1467,0.20408163265306123,0.24055573547060147
DEC_00253,tert-Amylbenzene,CCC(C)(C)c1ccccc1,QHTJSSMHBLGUHV-UHFFFAOYSA-N,C11H16,148.1252,0.45714285714285713,0.3167570802391022
DEC_00254,"alpha,alpha,alpha,4-Tetrachlorotoluene",Clc1ccc(C(Cl)(Cl)Cl)cc1,LVZPKYYPPLUECL-UHFFFAOYSA-N,C7H4Cl4,227.9067,0.6333333333333333,0.3674825292333066
DEC_00255,"alpha,alpha,alpha,2-Tetrachlorotoluene",Clc1ccccc1C(Cl)(Cl)Cl,MFHPYLFZSCSNST-UHFFFAOYSA-N,C7H4Cl4,227.9067,0.6333333333333333,0.5145472125993076
DEC_00256,2-Chloro-p-cymene,Cc1ccc(C(C)C)c(Cl)c1,MGVNITAKTROLJO-UHFFFAOYSA-N,C10H13Cl,168.0706,0.22807017543859648,0.5172327042042009
DEC_00257,Beta-Methoxyphenetole,COCCOc1ccccc1,IFQVEYUAIINTRX-UHFFFAOYSA-N,C9H12O2,152.0837,0.22807017543859648,0.23842657332652864
DEC_00258,"3-Phenyl-1,2-propanediol",OC[C@@H](O)Cc1ccccc1,JHWQMXKQJVAWKI-VIFPVBQESA-N,C9H12O2,152.0837,0.45714285714285713,0.32011912422444044
DEC_00259,"Acrylic acid, cyclohexyl ester",C=CC(=O)OC1CCCCC1,KBLWLMPSVYBVDK-UHFFFAOYSA-N,C9H14O2,154.0994,0.22807017543859648,0.29744166953800405
DEC_00260,"Propionic acid, phenyl ester",CCC(=O)Oc1ccccc1,DYUMLJSJISTVPV-UHFFFAOYSA-N,C9H10O2,150.0681,0.22807017543859648,0.22161743663442413
DEC_00261,"Benzoic acid, ethyl ester",CCOC(=O)c1ccccc1,MTZQAGJQAFMTAQ-UHFFFAOYSA-N,C9H10O2,150.0681,0.22807017543859648,0.16901865004369704
DEC_00262,"Hexahydrobenzoic acid, ethyl ester",CCOC(=O)C1CCCCC1,JJOYCHKVKWDMEA-UHFFFAOYSA-N,C9H16O2,156.115,0.0625,0.2399490298325241
DEC_00263,"Phenylacetic acid, methyl ester",COC(=O)Cc1ccccc1,CRZQGDNQQAALAY-UHFFFAOYSA-N,C9H10O2,150.0681,0.22807017543859648,0.3714902883952825
DEC_00264,"Cyclohexylacetic acid, methyl ester",COC(=O)CC1CCCCC1,IMXBRVLCKXGWSS-UHFFFAOYSA-N,C9H16O2,156.115,0.05,0.4106016081178037
DEC_00266,"Acetic acid, m-cresyl ester",CC(=O)Oc1cccc(C)c1,OTGAHJPFNKQGAE-UHFFFAOYSA-N,C9H10O2,150.0681,0.10256410256410256,0.2763801727134427
DEC_00267,"Acetic acid, o-cresyl ester",CC(=O)Oc1ccccc1C,AMZORBZSQRUXNC-UHFFFAOYSA-N,C9H10O2,150.0681,0.10256410256410256,0.26647753973929084
DEC_00268,2-Propoxyphenol,CCCOc1ccccc1O,JFSVGKRARHIICJ-UHFFFAOYSA-N,C9H12O2,152.0837,0.22807017543859648,0.28853179933770046
DEC_00269,2-n-Propoxycyclohexanol,CCCOC1CCCCC1O,HYONOAUBEBMUEL-UHFFFAOYSA-N,C9H18O2,158.1307,0.45714285714285713,0.4391721595478845
DEC_00270,"1-Phenyl-1,3-propanediol",OCC[C@H](O)c1ccccc1,RRVFYOSEKOTFOG-VIFPVBQESA-N,C9H12O2,152.0837,0.45714285714285713,0.28608067423775896
DEC_00271,2-Methyl-2-iso-butyl-m-dioxane,CC(C)CC1(C)OCCCO1,LSRWILPECJPRQQ-UHFFFAOYSA-N,C9H18O2,158.1307,0.10256410256410256,0.34735518207630006
DEC_00272,"2,2,4,4,6-Pentamethyl-m-dioxane",C[C@H]1CC(C)(C)OC(C)(C)O1,SQVMCGWVSBBJRW-ZETCQYMHSA-N,C9H18O2,158.1307,0.22807017543859648,0.4486771779962743
DEC_00273,"Chloroacetic acid, cyclohexyl ester",O=C(CCl)OC1CCCCC1,IBFHBLOKQVCABG-UHFFFAOYSA-N,C8H13ClO2,176.0604,0.22807017543859648,0.2796353300224762
DEC_00275,Menthone,CC(C)[C@@H]1CC[C@@H](C)CC1=O,NFLGAXVYCFJBMK-BDAKNGLRSA-N,C10H18O,154.1358,0.7037037037037037,0.4614645478824967
DEC_00276,Isopulegol,C=C(C)[C@@H]1CC[C@@H](C)C[C@H]1O,ZYTMANIQRDEHIO-KXUCPTDWSA-N,C10H18O,154.1358,0.7777777777777778,0.33624579567184903
DEC_00277,p-Ethylacetophenone,CCc1ccc(C(C)=O)cc1,NODGRWCMFMEGJH-UHFFFAOYSA-N,C10H12O,148.0888,0.22807017543859648,0.358507089445228
DEC_00278,"2,5-Dimethylacetophenone",CC(=O)c1cc(C)ccc1C,AWKBVLVKQQRRFQ-UHFFFAOYSA-N,C10H12O,148.0888,0.10256410256410256,0.38545961715608723
DEC_00279,4-phenyl-2-butanol,C[C@H](O)CCc1ccccc1,GDWRKZLROIFUML-VIFPVBQESA-N,C10H14O,150.1045,0.6333333333333333,0.3219969899746711
DEC_00280,Allyl benzyl ether,C=CCOCc1ccccc1,HUGHWHMUUQNACD-UHFFFAOYSA-N,C10H12O,148.0888,0.22807017543859648,0.28088071074462717
DEC_00281,n-Propyl benzyl ether,CCCOCc1ccccc1,RPTKMZRQBREOMV-UHFFFAOYSA-N,C10H14O,150.1045,0.22807017543859648,0.2096937134172045
DEC_00282,Dihydroanethole,CC=CC1=CC[C@H](OC)C=C1,CEACUXOVVIUXJZ-SNVBAGLBSA-N,C10H14O,150.1045,0.22807017543859648,0.685655450372732
DEC_00283,Methyl cinnamyl ether,COCC=Cc1ccccc1,XOURNDFHPYLQDJ-UHFFFAOYSA-N,C10H12O,148.0888,0.10256410256410256,0.5026975660129555
DEC_00284,2-Methallylcyclohexanone,C=C(C)C[C@H]1CCCCC1=O,JQWQZUBISFFUJF-SECBINFHSA-N,C10H16O,152.1201,0.7037037037037037,0.3609486979086004
DEC_00285,2-Methallylcyclohexanol,C=C(C)CC1CCCCC1O,GRXZGJVJOZWDAN-UHFFFAOYSA-N,C10H18O,154.1358,0.8695652173913043,0.40358918022133455
DEC_00286,iso-Butyrophenone,CC(C)C(=O)c1ccccc1,BSMGLVDZZMBWQB-UHFFFAOYSA-N,C10H12O,148.0888,0.22807017543859648,0.3770783262010135
DEC_00287,Dimethyl benzyl carbinol,CC(C)(O)Cc1ccccc1,RIWRBSMFKVOJMN-UHFFFAOYSA-N,C10H14O,150.1045,0.25,0.39074539903305444
DEC_00289,beta-Chloroethyl benzyl ether,ClCCOCc1ccccc1,UPIMXDQREQJWMR-UHFFFAOYSA-N,C9H11ClO,170.0498,0.10256410256410256,0.24122359870611582
DEC_00290,p-Allyloxyphenylbromide,C=CCOc1ccc(Br)cc1,ZXCVTYLZFUQVIE-UHFFFAOYSA-N,C9H9BrO,211.9837,0.45714285714285713,0.23870778509505078
DEC_00291,"1-Acetylcyclopropane-1-carboxylic acid, ethyl ester",CCOC(=O)C1(C(C)=O)CC1,DISZFIFAESWGBI-UHFFFAOYSA-N,C8H12O3,156.0786,0.015151515151515152,0.5212323219600313
DEC_00292,Vanillin,COc1cc(C=O)ccc1O,MWOOGOJBHIARFG-UHFFFAOYSA-N,C8H8O3,152.0473,0.22807017543859648,0.28892446358166785
DEC_00293,beta-Furfuryloxypropionitrile,N#CCCOCc1ccco1,CPCXJCALJSWDQW-UHFFFAOYSA-N,C8H9NO2,151.0633,0.22,0.44853056066863384
DEC_00294,"m-Aminobenzoic acid, methyl ester",COC(=O)c1cccc(N)c1,VZDNXXPBYLGWOS-UHFFFAOYSA-N,C8H9NO2,151.0633,0.22807017543859648,0.38852364474420376
DEC_00295,N-Methylbenzenesulfonamide,CNS(=O)(=O)c1ccccc1,SVDVKEBISAOWJT-UHFFFAOYSA-N,C7H9NO2S,171.0354,0.45714285714285713,0.5681417990591708
DEC_00296,N-Carboethoxymorpholine,CCOC(=O)N1CCOCC1,RTBBWCJKGBZVGL-UHFFFAOYSA-N,C7H13NO3,159.0895,0.10256410256410256,0.38243446764779415
DEC_00297,m-Nitrobenzyl alcohol,O=[N+]([O-])c1cccc(CO)c1,CWNPOQFCIIFQDM-UHFFFAOYSA-N,C7H7NO3,153.0426,0.22807017543859648,0.4674417621931285
DEC_00298,"1,3-Dimethyl-5-tert-butyl benzene",Cc1cc(C)cc(C(C)(C)C)c1,FZSPYHREEHYLCB-UHFFFAOYSA-N,C12H18,162.1409,0.6333333333333333,0.3425127397571265
DEC_00299,"1,3,5-Triethylbenzene",CCc1cc(CC)cc(CC)c1,WJYMPXJVHNDZHD-UHFFFAOYSA-N,C12H18,162.1409,0.45714285714285713,0.30974247065709287
DEC_00300,gamma-Vinyl-alpha-carbomethoxy-butyrolactone,C=CC1CC(C(=O)OC)C(=O)O1,HDUTUOKGDKQIKK-UHFFFAOYSA-N,C8H10O4,170.0579,0.015151515151515152,0.5404109827232249
DEC_00301,"2-Carboethoxymethyl-2-methyl-1, 3-dioxolane",CCOC(=O)CC1(C)OCCO1,XWEOGMYZFCHQNT-UHFFFAOYSA-N,C8H14O4,174.0892,0.018518518518518517,0.27590010569752504
DEC_00302,beta-Ethoxyphenetole,CCOCCOc1ccccc1,DIUJNXCPDGGFQD-UHFFFAOYSA-N,C10H14O2,166.0994,0.45714285714285713,0.2390383963863872
DEC_00303,"Crotonic acid, cyclohexyl ester",C/C=C/C(=O)OC1CCCCC1,ZUMGBVSYIVKLDH-QHHAFSJGSA-N,C10H16O2,168.115,0.22807017543859648,0.2521924037406855
DEC_00304,"Butyric acid, phenyl ester",CCCC(=O)Oc1ccccc1,IGVPBCZDHMIOJH-UHFFFAOYSA-N,C10H12O2,164.0837,0.22807017543859648,0.22439783697649482
DEC_00305,"n-Butyric acid, cyclohexyl ester",CCCC(=O)OC1CCCCC1,VZHUBBUZNIULNM-UHFFFAOYSA-N,C10H18O2,170.1307,0.10256410256410256,0.23704093751548963
DEC_00306,"Propionic acid, m-tolyl ester",CCC(=O)Oc1cccc(C)c1,BWVHRHNRHJKPAH-UHFFFAOYSA-N,C10H12O2,164.0837,0.22807017543859648,0.26379641727462155
DEC_00307,"Propionic acid, o-tolyl ester",CCC(=O)Oc1ccccc1C,XLLPLDFNCXWUOT-UHFFFAOYSA-N,C10H12O2,164.0837,0.22807017543859648,0.24622016902749316
DEC_00308,"Benzoic acid, allyl ester",C=CCOC(=O)c1ccccc1,LYJHVEDILOKZCG-UHFFFAOYSA-N,C10H10O2,162.0681,0.22807017543859648,0.19890109576695433
DEC_00309,"Benzoic acid, propyl ester",CCCOC(=O)c1ccccc1,UDEWPOVQBGFNGE-UHFFFAOYSA-N,C10H12O2,164.0837,0.22807017543859648,0.1881742401022842
DEC_00310,"o-Toluic acid, ethyl ester",CCOC(=O)c1ccccc1C,SOUAXOGPALPTTC-UHFFFAOYSA-N,C10H12O2,164.0837,0.22807017543859648,0.2687483238055827
DEC_00311,"alpha-Phenylpropionic acid, methyl ester",COC(=O)[C@H](C)c1ccccc1,DZIQUZJSNSZOCH-MRVPVSSYSA-N,C10H12O2,164.0837,0.22807017543859648,0.512920579333922
DEC_00312,"Acetic acid, 1-ethynylcyclohexyl ester",C#CC1(OC(C)=O)CCCCC1,YASSLXHVJQGNOK-UHFFFAOYSA-N,C10H14O2,166.0994,0.10256410256410256,0.47017429024159296
DEC_00313,"Benzoic acid, iso-propyl ester",CC(C)OC(=O)c1ccccc1,FEXQDZTYJVXMOS-UHFFFAOYSA-N,C10H12O2,164.0837,0.22807017543859648,0.234606937234002
DEC_00314,3-Butoxy-2-cyclohexene-1-one,CCCCOC1=CC(=O)CCC1,HQFGJBVERCJECK-UHFFFAOYSA-N,C10H16O2,168.115,0.2727272727272727,0.5299793142523674
DEC_00315,"2-Propenyl-4,4,6-trimethyl-m-dioxane",CC=CC1OC(C)CC(C)(C)O1,KYIPJDJFXLVIDL-UHFFFAOYSA-N,C10H18O2,170.1307,0.30040911477110005,0.5940074283241736
DEC_00316,Dihydroeugenol,C=CCC1=CC(OC)C(O)C=C1,DVSDEXBFPJVTGH-UHFFFAOYSA-N,C10H14O2,166.0994,0.8695652173913043,0.6075836904254328
DEC_00317,"1,1-Dimethylol-2,4-dimethyl-cyclohexane",CC1CCC(CO)(CO)C(C)C1,UPQYDWCYKWMWHI-UHFFFAOYSA-N,C10H20O2,172.1463,0.909330742215972,0.6065444523019158
DEC_00318,o-n-Propoxybenzaldehyde,CCCOc1ccccc1C=O,CDUPASLURGOXGD-UHFFFAOYSA-N,C10H12O2,164.0837,0.22807017543859648,0.2697205941574889
DEC_00319,Phenyl acetaldehyde dimethyl acetal,COC(Cc1ccccc1)OC,WNJSKZBEWNVKGU-UHFFFAOYSA-N,C10H14O2,166.0994,0.45714285714285713,0.3765639614226554
DEC_00320,"2-Ethyl-2,4,4, 6-tetramethyl-m-dioxane",CCC1(C)OC(C)CC(C)(C)O1,KBLNPGQGBUFFKV-UHFFFAOYSA-N,C10H20O2,172.1463,0.22807017543859648,0.538755240001914
DEC_00321,o-Ethoxyphenethyl alcohol,CCOc1ccccc1CCO,UYWQRBZEOLFRRI-UHFFFAOYSA-N,C10H14O2,166.0994,0.7777777777777778,0.37241800208553155
DEC_00322,p-iso-Propoxybenzyl alcohol,CC(C)Oc1ccc(CO)cc1,ZNJLQCPPAZECMW-UHFFFAOYSA-N,C10H14O2,166.0994,0.6333333333333333,0.22151417466820422
DEC_00323,"m-Chlorobenzoic acid, ethyl ester",CCOC(=O)c1cccc(Cl)c1,LVFRSNCBCHABAM-UHFFFAOYSA-N,C9H9ClO2,184.0291,0.22807017543859648,0.39493497441182507
DEC_00324,"2-Bromocyclohexanoic acid, ethyl ester",CCOC(=O)C1CCCCC1Br,RLZFSEDMJRUHQF-UHFFFAOYSA-N,C9H15BrO2,234.0255,0.22807017543859648,0.5818003205046286
DEC_00325,2-Methallyl-4-methylcyclohexanone,C=C(C)CC1CC(C)CCC1=O,KKIPCTDIKLLDQX-UHFFFAOYSA-N,C11H18O,166.1358,0.4482758620689655,0.4538191115850572
DEC_00326,2-Methallyl-4-methylcyclohexanol,C=C(C)CC1CC(C)CCC1O,RJWSHKYEBSYMIS-UHFFFAOYSA-N,C11H20O,168.1514,0.6333333333333333,0.40268669432626886
DEC_00327,Allyl 2-methylbenzyl ether,C=CCOCc1ccccc1C,YEFYIMZWODTQJO-UHFFFAOYSA-N,C11H14O,162.1045,0.45714285714285713,0.3406359996057881
DEC_00328,Butyl p-tolyl ether,CCCCOc1ccc(C)cc1,AGARRLZBNOJWLG-UHFFFAOYSA-N,C11H16O,164.1201,0.45714285714285713,0.1870826271102877
DEC_00329,Amyl phenyl ether,CCCCCOc1ccccc1,HPUOAJPGWQQRNT-UHFFFAOYSA-N,C11H16O,164.1201,0.22807017543859648,0.16336090564814712
DEC_00331,iso-Propyl benzyl ketone,CC(C)C(=O)Cc1ccccc1,ZATIMOAGKJEVGN-UHFFFAOYSA-N,C11H14O,162.1045,0.25,0.35303613058743094
DEC_00332,Methallyl benzyl ether,C=C(C)COCc1ccccc1,CYZYBHBEBHVRMJ-UHFFFAOYSA-N,C11H14O,162.1045,0.45714285714285713,0.2538049469965326
DEC_00333,iso-Butyl benzyl ether,CC(C)COCc1ccccc1,ADHMUPZYLITZIH-UHFFFAOYSA-N,C11H16O,164.1201,0.22807017543859648,0.28127340644206483
DEC_00334,p-Butoxyphenylbromide,CCCCOc1ccc(Br)cc1,BOUVKHWPQNEXTO-UHFFFAOYSA-N,C10H13BrO,228.015,0.6333333333333333,0.19948087819088167
DEC_00335,p-sec-Butoxyphenylbromide,CC[C@H](C)Oc1ccc(Br)cc1,WRGSCINCRHLIPC-QMMMGPOBSA-N,C10H13BrO,228.015,0.45714285714285713,0.2645422800284921
DEC_00336,"Methacrylic acid, tetrahydrofurfuryl ester",C=C(C)C(=O)OC[C@H]1CCCO1,LCXXNKZQVOXMEH-MRVPVSSYSA-N,C9H14O3,170.0943,0.19052328372817276,0.5366596265218955
DEC_00337,"Salicylic acid, ethyl ester",CCOC(=O)c1ccccc1O,GYCKQBWUSACYIF-UHFFFAOYSA-N,C9H10O3,166.063,0.45714285714285713,0.39643965118320995
DEC_00338,o-Ethoxybenzoic acid,CCOc1ccccc1C(=O)O,XDZMPRGFOOFSBL-UHFFFAOYSA-N,C9H10O3,166.063,0.45714285714285713,0.3230919601632981
DEC_00339,"beta-Methyl-beta-propyl-glycidic acid, ethyl ester",CCOC(=O)[C@@]1(C(C)(C)C)CO1,INUQMWXMSGRFGB-SECBINFHSA-N,C9H16O3,172.1099,0.11538461538461539,0.5809669253011976
DEC_00340,(1-Cyclohexenyl)allyl- acetonitrile,N#CCCC=CC1=CCCCC1,SUZPVTSNCWAJDU-UHFFFAOYSA-N,C11H15N,161.1204,0.22807017543859648,0.5309811923171838
DEC_00341,(2-Allylcyclohexylidene)acetonitrile,C=CC[C@H]1CCCCC1=CC#N,OJQRLEOJQGRQMX-JTQLQIEISA-N,C11H15N,161.1204,0.2727272727272727,0.5158920021475322
DEC_00342,"2,4,6-Trimethyl-1,2,5,6-tetrahydrobenzaldehyde oxime",CC1=CC(C)C(C=NO)C(C)C1,FWRLPSXGBMUNQR-UHFFFAOYSA-N,C10H17NO,167.131,0.7777777777777778,0.5426094247836349
DEC_00343,"2,6-Dimethyl-4-butylmorpholine",CCCCN1CC(C)OC(C)C1,MZOOYGRZWKJUFA-UHFFFAOYSA-N,C10H21NO,171.1623,0.6333333333333333,0.4708213840516861
DEC_00344,1-Phenylcyclohexene,C1=C(c2ccccc2)CCCC1,WCMSFBRREKZZFL-UHFFFAOYSA-N,C12H14,158.1096,0.6601405617364557,0.40396007243206705
DEC_00345,Dicyclohexyl,C1CCC(C2CCCCC2)CC1,WVIIMZNLDWSIRH-UHFFFAOYSA-N,C12H22,166.1722,0.5777777777777777,0.1838738359256782
DEC_00347,Dihydrosafrole,C=CCC1=CC=C2OCO[C@H]2C1,NRSXSFHVWXSMOO-JTQLQIEISA-N,C10H12O2,164.0837,0.41509433962264153,0.5673360616172539
DEC_00348,Decamethylene bromide,BrCCCCCCCCCCBr,GTQHJCOHNAFHRE-UHFFFAOYSA-N,C10H20Br2,297.9932,0.44680851063829785,0.2105075640738072
DEC_00349,Undecyl chloride,CCCCCCCCCCCCl,ZHKKNUKCXPWZOP-UHFFFAOYSA-N,C11H23Cl,190.1488,0.2727272727272727,0.20783467060672878
DEC_00350,"Fumaric acid, diethyl ester",CCOC(=O)/C=C/C(=O)OCC,IEPRKVQEAMIZSS-AATRIKPKSA-N,C8H12O4,172.0736,0.2727272727272727,0.21379808970128822
DEC_00351,"Succinic acid, diethyl ester",CCOC(=O)CCC(=O)OCC,DKMROQRQHGEIOW-UHFFFAOYSA-N,C8H14O4,174.0892,0.0975609756097561,0.13552802165144404
DEC_00352,"Methylenemalonic acid, diethyl ester",C=C(C(=O)OCC)C(=O)OCC,BQHDXNZNSPVVKB-UHFFFAOYSA-N,C8H12O4,172.0736,0.11627906976744186,0.3491319159368855
DEC_00353,"Acetoxyacetic acid, sec-butyl ester",CC[C@H](C)OC(=O)COC(C)=O,ZLFLQDLGDHDCHK-LURJTMIESA-N,C8H14O4,174.0892,0.09375,0.33387990036977505
DEC_00354,"alpha-Acetoxypropionic acid, iso-propyl ester",CC(=O)O[C@@H](C)C(=O)OC(C)C,IJENPVBWSAGDGM-LURJTMIESA-N,C8H14O4,174.0892,0.19672131147540983,0.3900089711707175
DEC_00355,"Oxalic acid, di-iso-propyl ester",CC(C)OC(=O)C(=O)OC(C)C,ITHNIFCFNUZYLQ-UHFFFAOYSA-N,C8H14O4,174.0892,0.2033898305084746,0.26909679220998467
DEC_00356,"Malonic acid, ethyl propyl ester",CCCOC(=O)CC(=O)OCC,OLGXVKQPZBFKBA-UHFFFAOYSA-N,C8H14O4,174.0892,0.0851063829787234,0.16517224334323471
DEC_00357,"Lactic acid, beta-chloroethoxyethyl ester",C[C@H](O)C(=O)OCCOCCCl,BBSGAINZMXZCTJ-LURJTMIESA-N,C7H13ClO4,196.0502,0.4482758620689655,0.23868203337466765
DEC_00358,"Caproic acid, n-butyl ester",CCCCCC(=O)OCCCC,RPRPDTXKGSIXMD-UHFFFAOYSA-N,C10H20O2,172.1463,0.19672131147540983,0.11123812468726849
DEC_00359,"Valeric acid, amyl ester",CCCCCOC(=O)CCCC,FGPPDYNPZTUNIU-UHFFFAOYSA-N,C10H20O2,172.1463,0.19672131147540983,0.11895930312177985
DEC_00360,"2-Heptynoic acid, propargyl ester",C#CCOC(=O)C#CCCCC,ZPKYISPHJXFUBZ-UHFFFAOYSA-N,C10H12O2,164.0837,0.5777777777777777,0.700408545250712
DEC_00361,"Acrylic acid, 2-heptyl ester",C=CC(=O)O[C@@H](C)CCCCC,IQRVNLYKJBNWHE-VIFPVBQESA-N,C10H18O2,170.1307,0.0851063829787234,0.3048567456888674
DEC_00362,"alpha-Ethylvaleric acid, allyl ester",C=CCOC(=O)[C@@H](CC)CCC,XBFOPRIWLVVDKO-VIFPVBQESA-N,C10H18O2,170.1307,0.0975609756097561,0.4419790753119287
DEC_00363,"2-Nonenoic acid, methyl ester",CCCCCCC=CC(=O)OC,ZWNPUELCBZVMDA-UHFFFAOYSA-N,C10H18O2,170.1307,0.0975609756097561,0.38848517874672883
DEC_00364,"Acetic acid, octyl ester",CCCCCCCCOC(C)=O,YLYBTZIQSIBWLI-UHFFFAOYSA-N,C10H20O2,172.1463,0.0975609756097561,0.09477905779270646
DEC_00365,"Acetic acid, 2-ethylhexyl ester",CCCC[C@H](CC)COC(C)=O,WOYWLLHHWAMFCB-JTQLQIEISA-N,C10H20O2,172.1463,0.05405405405405406,0.43679664459015943
DEC_00366,"Acetic acid, sec-octyl ester",CCCCCC[C@H](C)OC(C)=O,SJFUDWKNZGXSLV-VIFPVBQESA-N,C10H20O2,172.1463,0.0975609756097561,0.32522257606461685
DEC_00367,"n-Butyric acid, sec-hexyl ester",CCCC[C@H](C)OC(=O)CCC,LRUMZDICEGQZIB-VIFPVBQESA-N,C10H20O2,172.1463,0.0625,0.24705472246829785
DEC_00368,"Pivalic acid, neo-pentyl ester",CC(C)(C)COC(=O)C(C)(C)C,KEVRVUAKQLMNFS-UHFFFAOYSA-N,C10H20O2,172.1463,0.0975609756097561,0.42475585179973646
DEC_00369,"2,7-Dimethyloctane-3-ol-5-one",CC(C)CC(=O)C[C@H](O)C(C)C,DLUOUVXXRXNEQK-JTQLQIEISA-N,C10H20O2,172.1463,0.6388888888888888,0.3791252479858466
DEC_00370,"3,7-Dimethyl-1,7-octanediol",C[C@H](CCO)CCCC(C)(C)O,FPCCDPXRNNVUOM-VIFPVBQESA-N,C10H22O2,174.162,0.99999999,0.36176460207592315
DEC_00371,Undecylenaldehyde,C=CCCCCCCCCC=O,OFHHDSQXFXLTKC-UHFFFAOYSA-N,C11H20O,168.1514,0.8846153846153846,0.12208743295911524
DEC_00372,n-Undecyl alcohol,CCCCCCCCCCCO,KJIOQYGWTQBHNH-UHFFFAOYSA-N,C11H24O,172.1827,0.5,0.06998458609711329
DEC_00374,"Lactyllactic acid, methyl ester",COC(=O)C(C)(O)C(=O)C(C)O,VZMGYOXNVFYBOV-UHFFFAOYSA-N,C7H12O5,176.0685,0.11538461538461539,0.5548005948300542
DEC_00375,"Methoxysuccinic acid, dimethyl ester",COC(=O)C[C@H](OC)C(=O)OC,CZGCYHISZCRQFR-YFKPBYRVSA-N,C7H12O5,176.0685,0.0975609756097561,0.5667269365149743
DEC_00376,"2-Propylacetoacetic acid, ethyl ester",CCC[C@@H](C(C)=O)C(=O)OCC,VHOACUZAQKMOEQ-QMMMGPOBSA-N,C9H16O3,172.1099,0.3333333333333333,0.34023746934046323
