feature,mean_abs_shap
mfp_102,0.008932522500065224
VSA_EState2,0.008717615374722246
mfp_1452,0.00722526794539449
mfp_1750,0.007042433627006612
mfp_718,0.006862362283741417
SMR_VSA7,0.0067965813150343375
SMR_VSA1,0.006523640234041983
MolLogP,0.006414806905260769
MaxPartialCharge,0.006328451742146002
mfp_193,0.006197731771068021
PEOE_VSA3,0.005618241913202796
NumHeteroatoms,0.005586461600482359
PEOE_VSA7,0.0054848882662641655
BalabanJ,0.005365473949234341
Chi1v,0.005001191984133799
PEOE_VSA1,0.00491834067787891
mfp_1617,0.004752036420978395
Kappa1,0.00467856564206396
MinAbsPartialCharge,0.004567180135192585
PEOE_VSA8,0.004547735330006329
Kappa2,0.004520913114849883
VSA_EState1,0.00451554580667271
MolMR,0.004514479456713107
MolWt,0.004511954802957736
Chi1n,0.004507000143981747
PEOE_VSA2,0.004371881563167198
LabuteASA,0.004253070657733418
MaxAbsPartialCharge,0.004152848256787619
TPSA,0.004013360154168552
mfp_1683,0.004009744445946958
ExactMolWt,0.003942718510057211
MinPartialCharge,0.0038798998218252485
SlogP_VSA2,0.0038751840243914292
HallKierAlpha,0.0038213524298499296
Kappa3,0.0037223650069042194
mfp_1325,0.003648175412701684
SlogP_VSA5,0.0036242056620130482
PEOE_VSA6,0.0036106404776140083
EState_VSA1,0.0036014530979887665
mfp_1088,0.003447445900857534
SlogP_VSA3,0.0034129158283409977
mfp_561,0.003334282263391176
Chi0n,0.0033307678842526226
mfp_1034,0.0032924661202516164
Chi0v,0.003280339046566347
FractionCSP3,0.003219319222660676
mfp_1956,0.0032094518715006628
BertzCT,0.003056395757421729
NumRotatableBonds,0.0029031327954192237
mfp_1039,0.002902006212660544
Chi1,0.0028524694451012964
mfp_322,0.0027866982391170094
NumValenceElectrons,0.0027176999841320845
SMR_VSA5,0.002680995595330298
EState_VSA2,0.002554984440424196
HeavyAtomCount,0.0025490342652182306
Chi0,0.0025453412511487264
mfp_656,0.0023633705725632477
NumAromaticRings,0.0022985634098903257
mfp_1308,0.00229122958025259
mfp_314,0.0022840914367764113
mfp_427,0.002243639026825291
mfp_1089,0.002158989580883888
mfp_926,0.0021117850894347753
NOCount,0.0020755832220955652
mfp_1663,0.002035735026240839
mfp_1234,0.0020322953424319135
mfp_1516,0.0019112031588334904
mfp_1469,0.0019038144410537354
NumHAcceptors,0.001898506968744305
mfp_695,0.001832164965386095
mfp_488,0.0018142694628851415
mfp_1855,0.0018121571047479714
mfp_1873,0.0016732634253238303
mfp_577,0.0016678890108508219
mfp_1252,0.0016074852963663937
mfp_1249,0.001596250405597181
NumHDonors,0.0015892819247320833
mfp_366,0.0015333544047957354
mfp_715,0.0014882625334703286
mfp_1722,0.0014765649538746762
NumSaturatedRings,0.001442632850783903
mfp_694,0.001430200371089954
mfp_1380,0.0013980068251118261
mfp_1384,0.0013364418279320223
mfp_1145,0.0013325704946397223
mfp_650,0.001332210025868252
mfp_1665,0.0013317411671615144
NHOHCount,0.0013146709799043048
mfp_1292,0.001311201752521067
mfp_1586,0.0012996973655408095
mfp_750,0.0012808144790045644
mfp_935,0.0012712727042647443
mfp_1679,0.001262997272650053
mfp_426,0.0012468513311952672
mfp_130,0.001233096948862412
RingCount,0.001228407601875794
mfp_735,0.001203259769272415
mfp_1745,0.0011978860401005878
mfp_1955,0.0011857752538072118
mfp_933,0.0011673569145247667
mfp_838,0.0011642213610819638
mfp_305,0.0011371428941360253
mfp_374,0.001125988785524086
mfp_807,0.001105607586586351
mfp_896,0.0010800915520618925
mfp_1793,0.0010778824188511346
NumSaturatedHeterocycles,0.0010746229028846916
NumAliphaticRings,0.0010639728415409613
mfp_43,0.001056377905689196
mfp_80,0.0010523572863632526
mfp_1,0.0010395459335374993
mfp_1900,0.001035722675539212
mfp_1480,0.0009941987598276495
mfp_940,0.0009845873607838807
mfp_473,0.0009839198934178206
mfp_1291,0.0009806959284155959
mfp_1755,0.000978257023266107
mfp_1765,0.0009765162790586333
mfp_1921,0.0009476679385591742
mfp_283,0.0009454842960700473
mfp_210,0.0009188865695968507
mfp_1066,0.0009046277686289617
mfp_1850,0.0009041097296321726
mfp_758,0.0009031942467860283
mfp_674,0.0008978732517660162
mfp_790,0.0008946024817211255
mfp_1917,0.0008888085445212841
mfp_1590,0.0008836212316231471
NumAromaticHeterocycles,0.0008819007062354914
mfp_229,0.0008589927004060152
mfp_1535,0.0008556918750447787
mfp_1143,0.0008501955348373667
mfp_1043,0.000835505590607149
mfp_1447,0.000830766966939758
mfp_464,0.0008216957501588312
mfp_1963,0.0008111051803237091
mfp_1564,0.0008110198192987015
mfp_682,0.0008110038277023854
mfp_753,0.000803700140585829
mfp_974,0.0008025089669041362
mfp_357,0.000785499594548424
mfp_725,0.0007844810867843366
mfp_610,0.000760043658994214
mfp_930,0.0007597709902156847
mfp_1843,0.0007540084616984845
mfp_1013,0.0007404092952587162
mfp_875,0.0007329645175576265
mfp_1857,0.0007283111648373869
mfp_1279,0.0007270206847860581
mfp_1138,0.0007242897431260382
mfp_114,0.0007213416861602167
mfp_97,0.0007093028667361315
mfp_1385,0.0007083644234006247
mfp_1214,0.0007055149566518095
mfp_1911,0.0007017754229941584
mfp_1257,0.0006960429708164879
mfp_507,0.0006853028703586504
mfp_1922,0.0006761039566365695
mfp_1764,0.0006675071810368107
mfp_13,0.0006646543077118133
mfp_1928,0.0006633557746888133
mfp_1920,0.0006613241849456106
mfp_1375,0.0006586570456379574
mfp_437,0.0006537607293064983
mfp_1176,0.0006467041343542219
mfp_389,0.0006441750069654658
mfp_1057,0.0006423383746968989
mfp_75,0.000639773756894348
mfp_881,0.0006211016697884916
mfp_1487,0.0006205438485987063
mfp_1060,0.0005930882563539093
mfp_490,0.0005859100041425682
mfp_598,0.0005839282481740729
mfp_1852,0.0005817238938396981
mfp_1937,0.0005787653105538951
mfp_379,0.000577226943682693
mfp_519,0.0005601793076935254
mfp_1758,0.0005519455880433543
mfp_310,0.0005512589492935274
mfp_599,0.0005468933459243406
mfp_1766,0.0005446750353905992
mfp_294,0.0005395828460049862
mfp_562,0.0005384643672542148
mfp_1410,0.0005381699309351935
mfp_385,0.0005331906795142989
mfp_822,0.0005328401760313944
mfp_235,0.0005253882861515819
mfp_1093,0.0005249911794963393
mfp_110,0.0005246619810033801
mfp_456,0.0005221690269252964
mfp_1133,0.0005125234432785322
mfp_744,0.000506299545567341
mfp_2013,0.0005014858550207218
mfp_1154,0.0004882134283409431
mfp_1199,0.00048413374920339017
mfp_1097,0.00048300527004827205
mfp_1992,0.0004827733766296797
mfp_1031,0.0004793063915287374
mfp_1866,0.0004775855196656497
mfp_1896,0.0004760990374350461
mfp_345,0.00047417331766969886
mfp_1238,0.0004740393294472502
mfp_1017,0.00046801964146336384
mfp_35,0.00046568309244905123
mfp_2000,0.00046076668105867456
mfp_92,0.0004580882083940335
mfp_1453,0.0004580254202103568
mfp_392,0.0004563756606120068
mfp_1754,0.0004563745888284084
mfp_1539,0.00045454092313485374
mfp_247,0.0004516035837899606
mfp_1202,0.0004508684759814063
mfp_1396,0.0004476642564458615
mfp_841,0.000438080566111775
mfp_272,0.00043350412087870936
mfp_1962,0.0004282865223434607
mfp_1528,0.0004237154301795115
mfp_38,0.00042322875143695015
mfp_1164,0.00041350388608483096
mfp_171,0.0004103756894986372
mfp_1152,0.00040831503039658046
mfp_1007,0.00039969124149516347
mfp_1391,0.0003990694238333202
mfp_1011,0.0003977962904529319
mfp_1063,0.0003967385761864214
mfp_961,0.00039495198506068845
mfp_645,0.00039482868953773085
mfp_1114,0.0003943086175807146
mfp_737,0.00039121888619910133
mfp_619,0.00037975341574500145
mfp_714,0.00037836050532347176
mfp_1536,0.00037808092592003366
mfp_1510,0.0003772052316212392
mfp_265,0.00037430749849819486
mfp_1274,0.00037258709710589496
mfp_1887,0.0003699754968460446
mfp_1697,0.0003682238305889586
mfp_1737,0.0003676849231326382
mfp_592,0.0003651351234042607
mfp_378,0.00036492942171900114
mfp_74,0.000363610297718885
mfp_915,0.0003623236011612298
mfp_1797,0.00036168515793346366
mfp_1075,0.0003597068200493919
mfp_45,0.000353565533042205
mfp_526,0.00035188215115423505
mfp_1603,0.000347665990681569
mfp_675,0.0003436665888798103
mfp_381,0.00034092047804081113
mfp_661,0.000340606613386527
mfp_197,0.00033671882260653954
mfp_222,0.00032861572520073956
mfp_1136,0.0003281238799419562
mfp_1823,0.0003268980941413717
mfp_1544,0.00032670353538118103
mfp_1070,0.0003251141077423549
mfp_908,0.0003247844182300944
mfp_1629,0.0003201577049963062
mfp_266,0.00031461168571345446
mfp_1999,0.0003145479547632796
mfp_355,0.0003144008045914873
mfp_371,0.00031307039294452065
mfp_667,0.0003113233641487771
mfp_1840,0.0003038841427798499
mfp_1589,0.0003028719099122271
mfp_833,0.0003015320111217608
mfp_1019,0.00029915470619506715
mfp_857,0.0002973546660695063
mfp_1610,0.00029116137346687566
mfp_985,0.00028839352008672197
mfp_1527,0.00028288781098153394
mfp_847,0.00028270102408333353
mfp_419,0.0002823678439580399
mfp_1738,0.0002802022275025867
mfp_1572,0.00027887622902488457
mfp_529,0.0002784859758792347
mfp_1476,0.0002772388047990309
mfp_1889,0.00027470653338676623
mfp_849,0.0002726282516673785
mfp_339,0.00027258568055707266
mfp_1686,0.0002721338187967848
mfp_591,0.00027167833205015264
mfp_1703,0.0002690321432958357
mfp_165,0.0002683380542056349
mfp_906,0.00026810284547249165
mfp_1243,0.0002673580080239429
mfp_1998,0.00026363948543342905
mfp_1158,0.000263124051367058
mfp_885,0.0002618534709866626
mfp_865,0.0002611287780594754
mfp_390,0.00026101886434542413
mfp_886,0.00026040356476560465
mfp_192,0.00025955904750839996
mfp_1991,0.00025629157477040327
mfp_1573,0.0002549523729063157
mfp_1791,0.0002517479238549615
mfp_703,0.00024932841877617253
mfp_1607,0.00024829816779348927
mfp_146,0.00024726850412688025
mfp_1585,0.00024597138918969896
mfp_965,0.0002457112921702727
mfp_1816,0.0002451753589396396
mfp_1035,0.0002436721155401026
mfp_824,0.00024256123659389814
mfp_1915,0.00024227564072168745
mfp_1366,0.0002412197634941521
mfp_951,0.00024071844968552385
mfp_805,0.0002396854715471108
mfp_555,0.00023703817466286356
mfp_116,0.00023637809053815283
mfp_135,0.00023577808165429676
mfp_1163,0.00023457938693009195
mfp_486,0.00023338812263858078
mfp_1028,0.00023287445336575013
mfp_1647,0.00023211189486914213
mfp_162,0.00023160749818767844
mfp_1844,0.0002299845446006299
mfp_1511,0.0002287070089560113
mfp_1221,0.00022811976259391482
mfp_1550,0.00022664843593979972
mfp_947,0.00022576124739280657
mfp_298,0.00022413519049092653
mfp_2,0.00022394077719674045
mfp_1295,0.0002204073986332829
mfp_2011,0.00021978400139950423
mfp_1501,0.00021953122012217756
mfp_781,0.00021879567328622195
mfp_837,0.00021842316159095793
mfp_350,0.0002179079669356901
mfp_794,0.00021694986516942558
mfp_1401,0.0002159814946970229
mfp_335,0.00021543400293100168
mfp_441,0.00021513759669876284
mfp_1815,0.0002143278458203229
mfp_71,0.00021337870364718825
mfp_2001,0.0002132340480365536
mfp_2035,0.00021071293797278492
mfp_1503,0.00021035998448986444
mfp_1302,0.00020983192262989764
mfp_334,0.00020964397879004153
mfp_795,0.0002092887439146466
mfp_898,0.0002078949322615045
mfp_980,0.0002071006914284327
mfp_652,0.000205370209146911
mfp_1417,0.00020435948743653107
mfp_1567,0.00020410806751870253
mfp_1194,0.0002033952616380915
mfp_231,0.00020207615700571882
mfp_528,0.00020194351366333596
mfp_401,0.000201205048100417
mfp_443,0.00019890566447301283
mfp_1267,0.0001980949385865766
mfp_495,0.0001978304798557555
mfp_216,0.00019752055922914874
mfp_1594,0.0001941005378936664
mfp_2004,0.00019331812711696644
mfp_90,0.00018954555535301878
mfp_955,0.00018861372946892376
mfp_976,0.00018845464168383515
mfp_689,0.00018797477467045323
mfp_79,0.0001867047082396842
mfp_1099,0.0001860707721232172
mfp_1430,0.0001851743144471187
mfp_1422,0.0001850135599785176
mfp_105,0.00018451192730213606
mfp_1160,0.00018296989184998514
mfp_1360,0.00018228962770968938
mfp_727,0.000179153037461099
mfp_1741,0.0001781056051092379
mfp_699,0.00017751614214183965
mfp_872,0.0001758147669966192
mfp_206,0.00017471984069495256
mfp_1144,0.0001746108187036513
mfp_297,0.00017178657693715506
mfp_808,0.0001699822944155242
mfp_622,0.0001641238154404041
mfp_1950,0.00016362308378981968
mfp_2021,0.00016142959901997838
mfp_728,0.00016114227545632558
mfp_816,0.00016045480951288484
mfp_1751,0.00015938155012067902
mfp_1670,0.00015657487202239007
mfp_1726,0.00015540014338905902
mfp_1845,0.00015491897680666389
mfp_478,0.000154777333376009
mfp_809,0.00015452074321493998
mfp_567,0.00015237645123747083
mfp_470,0.00015178177751018753
mfp_1747,0.00015167261256193831
mfp_1220,0.00015116815884309756
mfp_25,0.00015030174244348796
mfp_250,0.00014769111163444985
mfp_859,0.00014611298057374343
mfp_1499,0.0001459221717381209
mfp_1485,0.0001455593222365041
mfp_2027,0.00014548779187833
mfp_1309,0.0001454185160668586
mfp_966,0.00014493228263958983
mfp_1951,0.00014463712208730023
mfp_1128,0.00014359079343138784
mfp_1027,0.0001428452662662607
mfp_934,0.00014277395323007648
mfp_1972,0.00014263037913578725
mfp_142,0.0001425688004819226
mfp_1356,0.00014231133946896346
mfp_879,0.00014183184915661992
mfp_1032,0.00014148857698975588
mfp_1037,0.00014094482591408517
mfp_1666,0.00014019003001762895
mfp_1083,0.00013958704838145262
mfp_1349,0.00013733593919139475
mfp_623,0.00013690010813965532
mfp_888,0.0001367365962772759
mfp_1839,0.00013596155448940156
mfp_1001,0.00013524360015498653
mfp_691,0.00013500843080220827
mfp_1542,0.0001339693882255046
mfp_383,0.00013305488615557935
mfp_739,0.00013263615613018305
mfp_448,0.00013262583421891263
mfp_368,0.00013248651882084123
mfp_325,0.00013229317990929882
mfp_1126,0.0001318346627214536
mfp_1009,0.00013146172042830887
mfp_1949,0.0001306737193047691
mfp_41,0.00012954307560244247
mfp_1181,0.00012945902539310264
mfp_1860,0.00012925016697494542
mfp_1847,0.00012920006297167559
mfp_1602,0.00012860700228523375
mfp_1444,0.00012682198146149733
mfp_828,0.0001258192846647621
mfp_1436,0.00012576152207130327
mfp_1729,0.00012537545242768142
mfp_1386,0.00012526966506244265
mfp_1287,0.00012426791882361906
mfp_1398,0.00012286006965679707
mfp_1948,0.0001218677078047377
mfp_1345,0.00012085017027049948
mfp_1903,0.00011900593292622336
mfp_319,0.0001177712511343671
mfp_843,0.0001177191846226079
mfp_1905,0.00011768785107253337
mfp_1910,0.00011737284180147953
mfp_864,0.0001171097850736287
mfp_730,0.00011702414570599056
mfp_184,0.00011697993243939637
mfp_1296,0.00011674718186215718
mfp_191,0.00011638263697882109
mfp_1964,0.00011583486838909116
mfp_147,0.00011563420925728322
mfp_84,0.00011498309528133384
mfp_1631,0.00011485579783528822
mfp_653,0.00011459691264524948
mfp_126,0.00011413564670909584
mfp_1370,0.00011409972214663099
mfp_1985,0.00011376185681151438
mfp_1072,0.00011291217773608286
mfp_998,0.00011178461456818882
mfp_318,0.00011166711070607296
mfp_1512,0.00011163041121712459
mfp_835,0.0001111734990460322
mfp_666,0.00011112522204476589
mfp_509,0.00011056180356976227
mfp_1455,0.00011008959916586685
mfp_1355,0.00010924679703682409
mfp_1693,0.00010815764961432853
mfp_1051,0.00010778001263969597
mfp_1171,0.00010747851625484182
mfp_1352,0.00010725010116079878
mfp_248,0.00010679210202632233
mfp_4,0.00010625179807629847
mfp_1716,0.00010578389009433072
mfp_1864,0.00010577571934241304
mfp_670,0.00010558674966740529
mfp_777,0.00010533062270396577
mfp_1482,0.00010475294324869458
mfp_1654,0.00010445155434524091
mfp_1414,0.00010441885107950859
mfp_1471,0.00010427537745387294
mfp_978,0.00010420140817104435
mfp_1260,0.00010382957722613517
mfp_878,0.00010374484218078484
mfp_2017,0.00010323851296345812
mfp_1289,0.00010299347499422877
mfp_1224,0.00010292508772622298
mfp_9,0.00010265300978098382
mfp_1174,0.0001022062275623271
mfp_1425,0.00010054563704663741
mfp_168,0.00010043001578801357
mfp_580,9.988418860532069e-05
mfp_590,9.951522087827652e-05
mfp_1689,9.886056881509233e-05
mfp_1668,9.822138291891185e-05
mfp_1489,9.762741740208386e-05
mfp_1626,9.72770876047894e-05
mfp_893,9.713149606341821e-05
mfp_1566,9.685786919256329e-05
mfp_1803,9.594854132512658e-05
mfp_1645,9.571460115618203e-05
mfp_760,9.542979737542807e-05
mfp_1045,9.490459504584662e-05
mfp_1101,9.467193005146422e-05
mfp_523,9.388597544277843e-05
mfp_1197,9.385028435597276e-05
mfp_341,9.301814409631745e-05
mfp_1203,9.283833744893652e-05
mfp_1374,9.268178841874606e-05
mfp_1237,9.235827667705137e-05
mfp_502,9.207618119067992e-05
mfp_454,9.189687602170724e-05
mfp_1907,9.174021784563738e-05
mfp_1162,9.155901737779455e-05
mfp_1608,9.05865823372187e-05
mfp_263,9.001503239850618e-05
mfp_775,8.944119236614263e-05
mfp_145,8.937201206129669e-05
mfp_731,8.828037581395038e-05
mfp_188,8.806083423345698e-05
mfp_756,8.764625968354627e-05
mfp_1970,8.731915680034076e-05
mfp_67,8.667638912169371e-05
mfp_1898,8.638153140138568e-05
mfp_1799,8.561782932248101e-05
mfp_826,8.524233541738073e-05
mfp_1961,8.52286448258609e-05
mfp_1518,8.518469139692204e-05
mfp_1825,8.514748151529419e-05
mfp_1908,8.512889202693177e-05
mfp_281,8.324780226939135e-05
mfp_1479,8.324112877186787e-05
mfp_968,8.307692976632365e-05
mfp_1247,8.249369516932919e-05
mfp_848,8.195280990006378e-05
mfp_831,8.135949123365478e-05
mfp_1742,8.126665688292698e-05
mfp_1110,8.119939683885089e-05
mfp_221,8.071725045443648e-05
mfp_1330,8.041503960478898e-05
mfp_810,8.01166041465242e-05
mfp_204,7.926904172262997e-05
mfp_693,7.87191148477718e-05
mfp_1800,7.851654703482753e-05
mfp_1554,7.802275609756431e-05
mfp_895,7.780970825397283e-05
mfp_1282,7.754096748407471e-05
mfp_813,7.713704562942883e-05
mfp_1446,7.698130568388717e-05
mfp_117,7.650723094272746e-05
mfp_1440,7.632324293161523e-05
mfp_1953,7.628819047846159e-05
mfp_1477,7.623434349957671e-05
mfp_734,7.602718886363694e-05
mfp_1069,7.569386287225609e-05
mfp_798,7.459091681024559e-05
mfp_352,7.438151277841767e-05
mfp_946,7.41707620793943e-05
mfp_1182,7.406221586646974e-05
mfp_736,7.351428760693755e-05
mfp_14,7.330482592972984e-05
mfp_588,7.221605608379095e-05
mfp_1775,7.219219362342592e-05
mfp_1783,7.154045707232896e-05
mfp_306,7.151469909431707e-05
mfp_1404,7.067422588089665e-05
mfp_360,7.005327450781087e-05
mfp_1706,6.976346404999223e-05
mfp_267,6.950962836445479e-05
mfp_173,6.94334278890726e-05
mfp_103,6.935556762906788e-05
mfp_249,6.892544037373591e-05
mfp_29,6.883450296631516e-05
mfp_918,6.878502544635154e-05
mfp_174,6.869257107028627e-05
mfp_1691,6.85981520462185e-05
mfp_1802,6.818819588680296e-05
mfp_1842,6.78617795571386e-05
mfp_1077,6.728502696777009e-05
mfp_962,6.711318080003554e-05
mfp_1756,6.694094183546028e-05
mfp_1529,6.645345322313232e-05
mfp_917,6.582758853332194e-05
mfp_537,6.568441699911489e-05
mfp_624,6.517603958751584e-05
mfp_1651,6.454381476056051e-05
mfp_1899,6.409118186050949e-05
mfp_1147,6.399110422331667e-05
mfp_1984,6.392691727737031e-05
mfp_1087,6.390952354428625e-05
mfp_1167,6.384930989243144e-05
mfp_1217,6.354756764760647e-05
mfp_195,6.273475575895124e-05
mfp_489,6.248604823329922e-05
mfp_66,6.248211857480258e-05
mfp_787,6.245866398534151e-05
mfp_1735,6.241861280078922e-05
mfp_1559,6.239639454085728e-05
mfp_1971,6.239315056435148e-05
mfp_932,6.229001015455584e-05
mfp_432,6.206184287683922e-05
mfp_1021,6.19707308249642e-05
mfp_1687,6.18223891686273e-05
mfp_237,6.166857939511972e-05
mfp_2028,6.154882491356275e-05
mfp_1531,6.152493195718439e-05
mfp_1215,6.062975870088959e-05
mfp_840,6.008090188176026e-05
mfp_606,5.9918059037927356e-05
mfp_34,5.9756404260119434e-05
mfp_1893,5.97227977858805e-05
mfp_1278,5.944532829695681e-05
mfp_46,5.934309749625268e-05
mfp_770,5.9059931614569625e-05
mfp_1776,5.85857298660357e-05
mfp_2009,5.857731969247745e-05
mfp_586,5.821254324090152e-05
mfp_177,5.8187960604473126e-05
mfp_1140,5.791760660835388e-05
mfp_62,5.782958144573568e-05
mfp_638,5.761944767152582e-05
mfp_1662,5.733392665080125e-05
mfp_1540,5.733319942454883e-05
mfp_386,5.699850085400199e-05
mfp_673,5.669394130195796e-05
mfp_255,5.65776781956899e-05
mfp_1157,5.630940433535168e-05
mfp_1073,5.5579892960231336e-05
mfp_784,5.5569637850464364e-05
mfp_295,5.504254574045362e-05
mfp_780,5.417316335675638e-05
mfp_1875,5.411787230874634e-05
mfp_293,5.401580138322362e-05
mfp_747,5.395655779589827e-05
mfp_157,5.384966615189147e-05
mfp_134,5.3160990885386085e-05
mfp_967,5.296536731013737e-05
mfp_1582,5.294940690054835e-05
mfp_1995,5.268373190118759e-05
mfp_1819,5.2551365179487634e-05
mfp_457,5.207376651710138e-05
mfp_213,5.1662589127759984e-05
mfp_119,5.123620345898418e-05
mfp_227,5.1182938733420796e-05
mfp_806,5.104581065232099e-05
mfp_706,5.1009290031217066e-05
mfp_950,5.080067199694937e-05
mfp_1981,5.0749123346498805e-05
mfp_1116,5.0738317015048816e-05
mfp_1980,5.0613556959665275e-05
mfp_1853,5.042697083992358e-05
mfp_1153,5.0040739519943e-05
mfp_890,4.9910299899056165e-05
mfp_510,4.988217652134647e-05
mfp_1055,4.988018354375528e-05
mfp_1236,4.949295149677269e-05
mfp_93,4.942814167380742e-05
mfp_2039,4.9310287820428393e-05
mfp_1522,4.894977437030318e-05
mfp_131,4.8904319837798456e-05
mfp_463,4.879872339621789e-05
mfp_1000,4.862464558302016e-05
mfp_361,4.837084487906795e-05
mfp_1504,4.815695311057874e-05
mfp_1012,4.804673934055446e-05
mfp_1265,4.760090814412501e-05
mfp_1209,4.7597263811209286e-05
mfp_802,4.729694126860151e-05
mfp_1834,4.723705449017316e-05
mfp_636,4.711559378385576e-05
mfp_852,4.6787916972899404e-05
mfp_32,4.6677997770332916e-05
mfp_975,4.664679809282706e-05
mfp_1065,4.6552437940980705e-05
mfp_853,4.647198849564646e-05
mfp_1025,4.6079698753024e-05
mfp_1625,4.550737050089298e-05
mfp_354,4.544260617919276e-05
mfp_1768,4.536237989976324e-05
mfp_686,4.492231465320009e-05
mfp_1294,4.488956855926144e-05
mfp_150,4.487330275021835e-05
mfp_1547,4.4785386544639e-05
mfp_1931,4.4755262088220105e-05
mfp_1757,4.44598229512117e-05
mfp_751,4.435609200786904e-05
mfp_1339,4.3849694429254944e-05
mfp_164,4.3421975407007277e-05
mfp_198,4.341394479667415e-05
mfp_500,4.3216129784191526e-05
mfp_309,4.290350906743386e-05
mfp_115,4.269299473140094e-05
mfp_211,4.2166573293306276e-05
mfp_1172,4.213890384143025e-05
mfp_1897,4.2123492544923646e-05
mfp_1390,4.199436736665638e-05
mfp_1508,4.188580561091477e-05
mfp_688,4.1708565340418937e-05
mfp_1685,4.1642808383915084e-05
mfp_1649,4.161227293414137e-05
mfp_30,4.158981597909191e-05
mfp_551,4.148530834218191e-05
mfp_1050,4.144908171479048e-05
mfp_553,4.139058755732716e-05
mfp_1253,4.135560194592557e-05
mfp_1418,4.1261642973452126e-05
mfp_1258,4.12055562051025e-05
mfp_336,4.1145391178829055e-05
mfp_914,4.098638503542042e-05
mfp_1261,4.0908215919518934e-05
mfp_1470,4.0885543836905196e-05
mfp_941,4.085486641097835e-05
mfp_1692,4.047310575357778e-05
mfp_603,4.041362293685148e-05
mfp_1979,4.0134477433644335e-05
mfp_939,3.9960980829316905e-05
mfp_789,3.988704232330102e-05
mfp_639,3.971472548768115e-05
mfp_462,3.9480004532888254e-05
mfp_1507,3.9128707978132644e-05
mfp_296,3.889314674163779e-05
mfp_618,3.862203697862204e-05
mfp_984,3.8207254289941116e-05
mfp_1804,3.820542822681998e-05
mfp_394,3.815363793701049e-05
mfp_1730,3.757084266939123e-05
mfp_485,3.7407114617390255e-05
mfp_241,3.725672344090457e-05
mfp_121,3.7086263647703316e-05
mfp_1523,3.707764158973564e-05
mfp_1096,3.701381080012954e-05
mfp_2025,3.6994020407418626e-05
mfp_755,3.673341837153318e-05
mfp_69,3.663896058804512e-05
mfp_1048,3.662362788252068e-05
mfp_172,3.6452007548336484e-05
mfp_832,3.642441339978214e-05
mfp_570,3.634586965973599e-05
mfp_664,3.6006692010981084e-05
mfp_518,3.5873037987402015e-05
mfp_252,3.568470998041265e-05
mfp_1524,3.562593186982946e-05
mfp_1916,3.561912988699101e-05
mfp_642,3.551413737512131e-05
mfp_1371,3.5413671400430716e-05
mfp_1357,3.5376739406352696e-05
mfp_1801,3.536399219221056e-05
mfp_262,3.533229189253105e-05
mfp_909,3.510942928265041e-05
mfp_582,3.503959287086373e-05
mfp_503,3.503929028986654e-05
mfp_86,3.445841317251622e-05
mfp_1358,3.421198530418368e-05
mfp_344,3.40886714436371e-05
mfp_277,3.382656707209677e-05
mfp_125,3.358245704909569e-05
mfp_1254,3.3391036650565754e-05
mfp_1421,3.3062225792690713e-05
mfp_1780,3.292618478781633e-05
mfp_276,3.262420592679627e-05
mfp_1365,3.246072397469254e-05
mfp_692,3.241677180474495e-05
mfp_1581,3.2372641232399665e-05
mfp_767,3.233462776507004e-05
mfp_440,3.2248152531529894e-05
mfp_936,3.221913928375663e-05
mfp_662,3.202331714781881e-05
mfp_587,3.201078832046404e-05
mfp_1344,3.1848883576842874e-05
mfp_1854,3.17638988464017e-05
mfp_1637,3.1762294785524284e-05
mfp_200,3.169887272052294e-05
mfp_870,3.1676122759200394e-05
mfp_1570,3.15301121073675e-05
mfp_1127,3.152409863985391e-05
mfp_1262,3.150199396402411e-05
mfp_558,3.133813059132173e-05
mfp_1814,3.126400631453411e-05
mfp_203,3.116381761283984e-05
mfp_552,3.111695617130053e-05
mfp_2026,3.105485783978572e-05
mfp_697,3.102215560030058e-05
mfp_1871,3.0982545888364035e-05
mfp_927,3.0722561593055176e-05
mfp_431,3.070430865226935e-05
mfp_1015,3.064996773990123e-05
mfp_581,3.0522308519987854e-05
mfp_99,3.0366703085807954e-05
mfp_491,3.0268934486333095e-05
mfp_1821,3.0242543708690486e-05
mfp_679,3.0230463150611654e-05
mfp_1695,3.0022995657073137e-05
mfp_1724,2.969899953009073e-05
mfp_1475,2.9673301675593406e-05
mfp_118,2.95725654931723e-05
mfp_1884,2.94199160835304e-05
mfp_1242,2.9389034612494094e-05
mfp_1168,2.9351924505744767e-05
mfp_1648,2.9247187697867424e-05
mfp_987,2.916840538128589e-05
mfp_634,2.9030989927948846e-05
mfp_1321,2.8647083805148776e-05
mfp_1415,2.859819411603233e-05
mfp_1481,2.815394378017834e-05
mfp_538,2.7946374384069156e-05
mfp_1362,2.794034009490828e-05
mfp_50,2.7771348604117824e-05
mfp_1579,2.7501783515041157e-05
mfp_286,2.7188826827070872e-05
mfp_2041,2.7155074765872543e-05
mfp_1912,2.7062800096764727e-05
mfp_1004,2.6865694647255842e-05
mfp_1449,2.68493153405887e-05
mfp_823,2.6819728126371935e-05
mfp_1420,2.675107648046983e-05
mfp_251,2.6677978484971297e-05
mfp_1008,2.5942377063388024e-05
mfp_1767,2.5843523156463855e-05
mfp_769,2.5794134295451503e-05
mfp_1368,2.5542130281310578e-05
mfp_1040,2.5495242278616005e-05
mfp_1959,2.5357716412708543e-05
mfp_1468,2.525664207348057e-05
mfp_242,2.522084971978925e-05
mfp_253,2.5217895099626027e-05
mfp_1024,2.5177402416353112e-05
mfp_627,2.513814448885004e-05
mfp_1399,2.4674415292544634e-05
mfp_1946,2.4601592800248478e-05
mfp_1771,2.4520508239221422e-05
mfp_349,2.4245415003523133e-05
mfp_1642,2.411293558768187e-05
mfp_1195,2.3933483950092124e-05
mfp_1434,2.390621279715724e-05
mfp_420,2.3886120876093116e-05
mfp_461,2.3878192020174444e-05
mfp_1640,2.374097624092708e-05
mfp_1933,2.3642149592784915e-05
mfp_76,2.355540358672108e-05
mfp_1939,2.3548509715507316e-05
mfp_301,2.333060722200958e-05
mfp_1700,2.3271747189474407e-05
mfp_724,2.326937672702652e-05
mfp_144,2.3199773701662622e-05
mfp_1493,2.3172688866637745e-05
mfp_1454,2.3029682039148174e-05
mfp_317,2.273153785455238e-05
mfp_1569,2.268723334202794e-05
mfp_1232,2.2648121200889982e-05
mfp_1272,2.2573194814561427e-05
mfp_1270,2.2303548099362066e-05
mfp_8,2.2120588879056915e-05
mfp_370,2.1985942345703505e-05
mfp_796,2.1958213211817378e-05
mfp_2034,2.1409093882614344e-05
mfp_883,2.1048080633795087e-05
mfp_1208,2.092268129733974e-05
mfp_1657,2.032951319931564e-05
mfp_1369,2.013431626008893e-05
mfp_407,2.0115275232575784e-05
mfp_141,2.0004023674843763e-05
mfp_782,1.9922471215204307e-05
mfp_1786,1.9795050692319675e-05
mfp_1863,1.9749983289843137e-05
mfp_190,1.9603800480277568e-05
mfp_515,1.956059621724311e-05
mfp_1960,1.9480576085144865e-05
mfp_1909,1.943690835453643e-05
mfp_1851,1.9429887807466828e-05
mfp_1521,1.93953728415624e-05
mfp_1957,1.9248199388312694e-05
mfp_527,1.88434862225311e-05
mfp_801,1.8757310710990157e-05
mfp_1248,1.8749898546279445e-05
mfp_534,1.8584600718961703e-05
mfp_1334,1.8529333827595194e-05
mfp_1746,1.85238341450307e-05
mfp_1104,1.8350212261731163e-05
mfp_1003,1.8304503396124423e-05
mfp_1457,1.824721445394012e-05
mfp_1753,1.8131830759035433e-05
mfp_1245,1.8101570731072227e-05
mfp_1403,1.7915431570520325e-05
mfp_1810,1.7843850972057907e-05
mfp_738,1.7733360594827125e-05
mfp_1859,1.7690157187661472e-05
mfp_1718,1.7667651626239826e-05
mfp_1445,1.7581269015972255e-05
mfp_554,1.7519855101074546e-05
mfp_1268,1.7461263045038524e-05
mfp_1604,1.7436930146704305e-05
mfp_628,1.7406017199047365e-05
mfp_236,1.7216924362003914e-05
mfp_522,1.715145452946837e-05
mfp_1591,1.6994985495263215e-05
mfp_31,1.689570440063827e-05
mfp_1696,1.6841573144921107e-05
mfp_438,1.6826996925601842e-05
mfp_1494,1.6813293213538376e-05
mfp_1879,1.677710253186211e-05
mfp_1571,1.6762740942725933e-05
mfp_1952,1.6712721557138355e-05
mfp_1708,1.6349761716996853e-05
mfp_275,1.612475001642473e-05
mfp_1646,1.5990966198151425e-05
mfp_1505,1.5974060049344905e-05
mfp_446,1.5972781343013583e-05
mfp_1734,1.5939168891271785e-05
mfp_1353,1.5843457719093897e-05
mfp_1405,1.574432453587902e-05
mfp_1779,1.5575633231310228e-05
mfp_140,1.5550492252573876e-05
mfp_804,1.54798608090245e-05
mfp_1736,1.540966568704159e-05
mfp_1006,1.5309002650422554e-05
mfp_1656,1.5258180781280405e-05
mfp_348,1.5211268704981883e-05
mfp_455,1.5193580473355511e-05
mfp_1500,1.5160062665081405e-05
mfp_1118,1.5128356546190477e-05
mfp_1624,1.5054457050139411e-05
mfp_1333,1.4953734012648564e-05
mfp_858,1.4880240852711845e-05
mfp_425,1.4837383376459956e-05
mfp_107,1.461402868199417e-05
mfp_709,1.4607358847802909e-05
mfp_1876,1.4551912824169957e-05
mfp_1888,1.4509457669810998e-05
mfp_1988,1.4328880347276772e-05
mfp_803,1.430284200235854e-05
mfp_1796,1.4248246601883487e-05
mfp_1393,1.4197400296304806e-05
mfp_230,1.3948050738411652e-05
mfp_793,1.390037743851026e-05
mfp_219,1.3753545823733574e-05
mfp_749,1.3548645828739274e-05
mfp_328,1.349504656301658e-05
mfp_1517,1.3486884014012524e-05
mfp_644,1.3480797153823257e-05
mfp_641,1.3098816273916636e-05
mfp_1599,1.2880076132190792e-05
mfp_677,1.2698059909553505e-05
mfp_1636,1.255229875101796e-05
mfp_2019,1.2475319533844759e-05
mfp_78,1.2450659803270863e-05
mfp_1463,1.2358532918058735e-05
mfp_373,1.2282059807179098e-05
mfp_1335,1.2252630654429745e-05
mfp_239,1.2241267471116987e-05
mfp_2005,1.2132893327373262e-05
mfp_268,1.2084279459317092e-05
mfp_1923,1.1997744360646968e-05
mfp_323,1.196997235706035e-05
mfp_597,1.1954774144940466e-05
mfp_2018,1.190349063502757e-05
mfp_1639,1.1839589946697096e-05
mfp_754,1.181855279907953e-05
mfp_1264,1.179505391468488e-05
mfp_1596,1.1698673652634972e-05
mfp_1314,1.1632204626475213e-05
mfp_880,1.1577830338217118e-05
mfp_990,1.1563473042232158e-05
mfp_943,1.152306082709197e-05
mfp_1240,1.151622359891036e-05
mfp_1502,1.1502883336910683e-05
mfp_1975,1.1435936372235956e-05
mfp_742,1.1289171772340353e-05
mfp_1082,1.1200437956076613e-05
mfp_589,1.1130339810165632e-05
mfp_481,1.1112633227238265e-05
mfp_993,1.11066466874221e-05
mfp_1155,1.0945205388469506e-05
mfp_937,1.0892719739425772e-05
mfp_57,1.0855994081693791e-05
mfp_2038,1.0825377678143099e-05
mfp_108,1.0772286948196376e-05
mfp_1525,1.0621594979031767e-05
mfp_494,1.0559217357986509e-05
mfp_1498,1.053832482929421e-05
mfp_1336,1.0438495527102775e-05
mfp_1239,1.0406028211761044e-05
mfp_1348,1.0298452428726789e-05
mfp_487,1.0296486379598432e-05
mfp_273,1.0286655998813423e-05
mfp_346,1.0227692160072991e-05
mfp_549,1.0188011135368797e-05
mfp_929,1.0116127682604259e-05
mfp_573,1.011432004199847e-05
mfp_759,1.005216831125531e-05
mfp_1526,1.0029539369325653e-05
mfp_954,9.910147929224078e-06
mfp_2042,9.85374411282772e-06
mfp_411,9.791164561395674e-06
mfp_668,9.723924562711992e-06
mfp_1849,9.712785479877233e-06
mfp_977,9.67970548222868e-06
mfp_1788,9.651839743308895e-06
mfp_1250,9.51244228130371e-06
mfp_616,9.50687855621538e-06
mfp_2033,9.4947266581412e-06
mfp_1714,9.428294725288569e-06
mfp_516,9.412273128150702e-06
mfp_732,9.2909203187618e-06
mfp_1643,9.28634479675092e-06
mfp_1141,9.208069005420837e-06
mfp_337,9.015106694257078e-06
mfp_37,8.99519050895232e-06
mfp_1049,8.962298165551216e-06
mfp_1534,8.932122226015903e-06
mfp_820,8.691722244348904e-06
mfp_1276,8.585705535030653e-06
mfp_207,8.545506210388447e-06
mfp_482,8.451791006085284e-06
mfp_854,8.339375383704685e-06
mfp_900,8.320835444116194e-06
mfp_696,8.294990429907405e-06
mfp_1761,8.250247776009671e-06
mfp_658,8.240252190614507e-06
mfp_1831,8.235106851358826e-06
mfp_1744,8.216423203997817e-06
mfp_2031,8.190968969531988e-06
mfp_1748,8.144834582463151e-06
mfp_1460,8.08169398732701e-06
mfp_42,7.932680764681233e-06
mfp_1394,7.89882679500029e-06
mfp_136,7.892705974757415e-06
mfp_764,7.81489509617213e-06
mfp_2044,7.77455900920325e-06
mfp_212,7.735083623039679e-06
mfp_983,7.725046370718483e-06
mfp_1614,7.672004314241291e-06
mfp_220,7.657207217236694e-06
mfp_228,7.535527435743233e-06
mfp_1359,7.519713990330601e-06
mfp_1618,7.506748309760495e-06
mfp_1982,7.495473061715118e-06
mfp_1416,7.492045141185808e-06
mfp_450,7.4677093512476684e-06
mfp_957,7.433655089168712e-06
mfp_1303,7.333821232811866e-06
mfp_33,7.272450959585871e-06
mfp_799,7.265554748397105e-06
mfp_1200,7.215366515490922e-06
mfp_1244,7.1329548555757465e-06
mfp_844,7.121936146492735e-06
mfp_1269,6.948512586969708e-06
mfp_1312,6.942455625422022e-06
mfp_257,6.875445266834101e-06
mfp_82,6.826017677570712e-06
mfp_729,6.767019362189182e-06
mfp_1407,6.730033981769787e-06
mfp_690,6.690093968320808e-06
mfp_1824,6.6604449733744176e-06
mfp_1056,6.657961779780945e-06
mfp_1820,6.62859692430896e-06
mfp_5,6.627667675098153e-06
mfp_2036,6.61453245564918e-06
mfp_1613,6.584531714581633e-06
mfp_284,6.571312122671445e-06
mfp_1441,6.518098579658925e-06
mfp_1201,6.5016805939508006e-06
mfp_167,6.432423677915882e-06
mfp_434,6.430962720372013e-06
mfp_1809,6.384710092857321e-06
mfp_1597,6.348406712154978e-06
mfp_1676,6.304204049945343e-06
mfp_745,6.274283677276688e-06
mfp_1456,6.190245164440258e-06
mfp_995,6.184054220786357e-06
mfp_981,6.089597109619576e-06
mfp_1306,5.99800505888288e-06
mfp_1190,5.9886656001198845e-06
mfp_256,5.814116002222156e-06
mfp_1673,5.779639319581778e-06
mfp_1165,5.771049724694913e-06
mfp_1924,5.752770493590004e-06
mfp_471,5.744856200385049e-06
mfp_1129,5.7167904431812975e-06
mfp_404,5.705892907470896e-06
mfp_2022,5.702250598858121e-06
mfp_458,5.701211885466395e-06
mfp_757,5.656110004445662e-06
mfp_1760,5.640966394573159e-06
mfp_2030,5.511875570465095e-06
mfp_1669,5.463946911999833e-06
mfp_1677,5.455451001190392e-06
mfp_1942,5.446079842173785e-06
mfp_24,5.328175614560214e-06
mfp_484,5.305316932667446e-06
mfp_992,5.2908200339156676e-06
mfp_330,4.981332308966685e-06
mfp_1990,4.9671276103258115e-06
mfp_733,4.9031888227184095e-06
mfp_1123,4.881904888029568e-06
mfp_1828,4.774053354732395e-06
mfp_1036,4.751869303577677e-06
mfp_56,4.745041712305444e-06
mfp_246,4.7344638882465955e-06
mfp_811,4.691584935236769e-06
mfp_1778,4.688172660675756e-06
mfp_996,4.66965628286548e-06
mfp_964,4.638381636373318e-06
mfp_530,4.627060541797199e-06
mfp_504,4.566423337685642e-06
mfp_1313,4.496516813124394e-06
mfp_387,4.4945831467053936e-06
mfp_1225,4.487366819606419e-06
mfp_138,4.378868165252332e-06
mfp_1690,4.369178949334831e-06
mfp_684,4.34466813369996e-06
mfp_786,4.311548431544741e-06
mfp_234,4.245128472582885e-06
mfp_1940,4.223317975931101e-06
mfp_613,4.221217955316689e-06
mfp_326,4.145689195993963e-06
mfp_862,4.133416672576358e-06
mfp_403,3.809837658996637e-06
mfp_1094,3.694586458224123e-06
mfp_1530,3.683714053265739e-06
mfp_1080,3.5453636708661692e-06
mfp_240,3.4693149204068205e-06
mfp_783,3.4294903160882523e-06
mfp_501,3.2799940404458336e-06
mfp_1022,3.2704270592563516e-06
mfp_1367,3.1458789550038322e-06
mfp_2006,3.0133317533841963e-06
mfp_892,2.9515284786145116e-06
mfp_1781,2.7061498315842946e-06
mfp_1105,2.6865600183888477e-06
mfp_1322,2.5735923378300007e-06
mfp_199,2.461733989982697e-06
mfp_169,2.3462320539475806e-06
mfp_1361,2.1290286756954642e-06
mfp_1091,2.0734026802822927e-06
mfp_855,1.9358858120300262e-06
mfp_913,1.7793287092187851e-06
mfp_713,1.6659133390032708e-06
mfp_1934,1.618036616588512e-06
mfp_1256,1.599934720510011e-06
mfp_517,1.5660451038353544e-06
mfp_716,1.5356117663415322e-06
mfp_260,1.4238362054680244e-06
mfp_687,1.420525169488832e-06
mfp_1106,1.4089500626775991e-06
mfp_521,1.3181807450691374e-06
mfp_202,1.3145795319909558e-06
mfp_209,6.193127505646429e-07
mfp_106,5.920262147951708e-07
mfp_1688,5.429702479769558e-07
mfp_1184,1.490417629786459e-18
mfp_541,3.8062568646621786e-19
mfp_402,4.3870079882358034e-20
mfp_600,2.3899210477818516e-20
mfp_1552,1.2778932250537732e-20
mfp_1978,9.218969703702107e-21
mfp_170,9.16525773791101e-21
mfp_922,9.108337313986373e-21
mfp_59,8.236706187708274e-21
mfp_607,5.341963960559739e-21
mfp_1177,4.928667020246824e-21
mfp_1623,4.43016769172104e-21
mfp_997,3.76007526894228e-21
mfp_545,3.5395234802071535e-21
mfp_111,3.535483199594549e-21
mfp_1392,2.319358735200538e-21
mfp_214,2.3084262111899604e-21
mfp_194,1.972132266081982e-21
mfp_1732,1.0312222104759846e-21
mfp_36,0.0
mfp_22,0.0
mfp_181,0.0
mfp_7,0.0
mfp_1627,0.0
mfp_18,0.0
mfp_6,0.0
mfp_1628,0.0
mfp_1509,0.0
mfp_26,0.0
mfp_1568,0.0
mfp_1638,0.0
mfp_183,0.0
mfp_3,0.0
mfp_23,0.0
mfp_1565,0.0
mfp_185,0.0
mfp_182,0.0
mfp_201,0.0
mfp_1563,0.0
mfp_1574,0.0
mfp_1635,0.0
mfp_40,0.0
mfp_1634,0.0
mfp_1513,0.0
mfp_1514,0.0
mfp_1633,0.0
mfp_1632,0.0
mfp_39,0.0
mfp_1515,0.0
mfp_1630,0.0
mfp_1519,0.0
mfp_1558,0.0
mfp_1562,0.0
mfp_16,0.0
mfp_1532,0.0
mfp_1598,0.0
mfp_1533,0.0
mfp_1553,0.0
mfp_1584,0.0
mfp_15,0.0
mfp_19,0.0
mfp_1551,0.0
mfp_180,0.0
mfp_1595,0.0
mfp_176,0.0
mfp_1593,0.0
mfp_1592,0.0
mfp_1537,0.0
mfp_186,0.0
mfp_1575,0.0
mfp_1538,0.0
mfp_189,0.0
mfp_179,0.0
mfp_178,0.0
mfp_1541,0.0
mfp_1588,0.0
mfp_17,0.0
mfp_1543,0.0
mfp_1549,0.0
mfp_187,0.0
mfp_1548,0.0
mfp_1545,0.0
mfp_1587,0.0
mfp_1546,0.0
mfp_20,0.0
mfp_1600,0.0
mfp_1601,0.0
mfp_175,0.0
mfp_1561,0.0
mfp_1520,0.0
mfp_1560,0.0
mfp_1622,0.0
mfp_1621,0.0
mfp_1620,0.0
mfp_1619,0.0
mfp_1576,0.0
mfp_1616,0.0
mfp_1577,0.0
mfp_1615,0.0
mfp_1578,0.0
mfp_1580,0.0
mfp_21,0.0
mfp_10,0.0
mfp_1557,0.0
mfp_11,0.0
mfp_27,0.0
mfp_28,0.0
mfp_1556,0.0
mfp_1583,0.0
mfp_1612,0.0
mfp_1611,0.0
mfp_12,0.0
mfp_1609,0.0
mfp_1555,0.0
mfp_196,0.0
mfp_1606,0.0
mfp_1605,0.0
mfp_87,0.0
mfp_1725,0.0
mfp_44,0.0
mfp_1641,0.0
mfp_1993,0.0
mfp_127,0.0
mfp_73,0.0
mfp_1841,0.0
mfp_124,0.0
mfp_123,0.0
mfp_122,0.0
mfp_1846,0.0
mfp_1848,0.0
mfp_120,0.0
mfp_1989,0.0
mfp_1987,0.0
mfp_1856,0.0
mfp_1858,0.0
mfp_1986,0.0
mfp_77,0.0
mfp_1861,0.0
mfp_1862,0.0
mfp_1983,0.0
mfp_1865,0.0
mfp_113,0.0
mfp_1867,0.0
mfp_1868,0.0
mfp_1869,0.0
mfp_1870,0.0
mfp_1872,0.0
mfp_112,0.0
mfp_1838,0.0
mfp_1837,0.0
mfp_1836,0.0
mfp_68,0.0
mfp_2007,0.0
mfp_1806,0.0
mfp_1807,0.0
mfp_1808,0.0
mfp_1811,0.0
mfp_2003,0.0
mfp_1812,0.0
mfp_1813,0.0
mfp_2002,0.0
mfp_129,0.0
mfp_1817,0.0
mfp_1818,0.0
mfp_1822,0.0
mfp_1835,0.0
mfp_128,0.0
mfp_70,0.0
mfp_1826,0.0
mfp_1827,0.0
mfp_72,0.0
mfp_1997,0.0
mfp_1829,0.0
mfp_1996,0.0
mfp_1830,0.0
mfp_1832,0.0
mfp_1833,0.0
mfp_1994,0.0
mfp_1874,0.0
mfp_1877,0.0
mfp_1878,0.0
mfp_1932,0.0
mfp_1965,0.0
mfp_98,0.0
mfp_81,0.0
mfp_96,0.0
mfp_95,0.0
mfp_83,0.0
mfp_1925,0.0
mfp_1926,0.0
mfp_1927,0.0
mfp_94,0.0
mfp_1929,0.0
mfp_1930,0.0
mfp_1958,0.0
mfp_1966,0.0
mfp_1935,0.0
mfp_1936,0.0
mfp_85,0.0
mfp_1938,0.0
mfp_1941,0.0
mfp_1943,0.0
mfp_1954,0.0
mfp_1944,0.0
mfp_1945,0.0
mfp_1947,0.0
mfp_91,0.0
mfp_89,0.0
mfp_1919,0.0
mfp_1918,0.0
mfp_1880,0.0
mfp_1974,0.0
mfp_1881,0.0
mfp_1882,0.0
mfp_1883,0.0
mfp_1885,0.0
mfp_1886,0.0
mfp_1977,0.0
mfp_109,0.0
mfp_1890,0.0
mfp_1891,0.0
mfp_1892,0.0
mfp_1976,0.0
mfp_1894,0.0
mfp_1895,0.0
mfp_100,0.0
mfp_1973,0.0
mfp_1901,0.0
mfp_1902,0.0
mfp_1904,0.0
mfp_104,0.0
mfp_1906,0.0
mfp_1969,0.0
mfp_101,0.0
mfp_1968,0.0
mfp_1967,0.0
mfp_1913,0.0
mfp_1914,0.0
mfp_1805,0.0
mfp_2008,0.0
mfp_2010,0.0
mfp_2040,0.0
mfp_160,0.0
mfp_1680,0.0
mfp_1681,0.0
mfp_1682,0.0
mfp_159,0.0
mfp_61,0.0
mfp_1684,0.0
mfp_2047,0.0
mfp_158,0.0
mfp_2046,0.0
mfp_2045,0.0
mfp_2043,0.0
mfp_1694,0.0
mfp_1675,0.0
mfp_156,0.0
mfp_2037,0.0
mfp_1698,0.0
mfp_1699,0.0
mfp_1701,0.0
mfp_1702,0.0
mfp_155,0.0
mfp_1704,0.0
mfp_1705,0.0
mfp_1707,0.0
mfp_1709,0.0
mfp_1710,0.0
mfp_1678,0.0
mfp_1674,0.0
mfp_1712,0.0
mfp_1659,0.0
mfp_47,0.0
NumRadicalElectrons,0.0
mfp_1644,0.0
mfp_48,0.0
mfp_49,0.0
mfp_1650,0.0
mfp_51,0.0
mfp_1652,0.0
mfp_1653,0.0
mfp_1655,0.0
mfp_1658,0.0
mfp_52,0.0
mfp_1660,0.0
mfp_60,0.0
mfp_1661,0.0
mfp_53,0.0
mfp_54,0.0
mfp_55,0.0
mfp_166,0.0
mfp_1664,0.0
mfp_163,0.0
mfp_1667,0.0
mfp_58,0.0
mfp_161,0.0
mfp_1671,0.0
mfp_1672,0.0
mfp_1711,0.0
mfp_1713,0.0
mfp_1798,0.0
mfp_1782,0.0
mfp_64,0.0
mfp_2020,0.0
mfp_1763,0.0
mfp_137,0.0
mfp_1769,0.0
mfp_1770,0.0
mfp_1772,0.0
mfp_2016,0.0
mfp_1773,0.0
mfp_1774,0.0
mfp_2015,0.0
mfp_1777,0.0
mfp_1784,0.0
mfp_1759,0.0
mfp_2014,0.0
mfp_1785,0.0
mfp_1787,0.0
mfp_1789,0.0
mfp_1790,0.0
mfp_65,0.0
mfp_2012,0.0
mfp_1792,0.0
mfp_133,0.0
mfp_1794,0.0
mfp_1795,0.0
mfp_132,0.0
mfp_1762,0.0
mfp_139,0.0
mfp_1715,0.0
mfp_1733,0.0
mfp_1717,0.0
mfp_1719,0.0
mfp_1720,0.0
mfp_1721,0.0
mfp_154,0.0
mfp_1723,0.0
mfp_88,0.0
mfp_153,0.0
mfp_1727,0.0
mfp_1728,0.0
mfp_152,0.0
mfp_1731,0.0
mfp_2032,0.0
mfp_2023,0.0
mfp_151,0.0
mfp_1739,0.0
mfp_1740,0.0
mfp_149,0.0
mfp_2029,0.0
mfp_63,0.0
mfp_1743,0.0
mfp_148,0.0
mfp_1749,0.0
mfp_143,0.0
mfp_1752,0.0
mfp_2024,0.0
mfp_469,0.0
mfp_1285,0.0
mfp_1506,0.0
mfp_388,0.0
mfp_821,0.0
mfp_819,0.0
mfp_818,0.0
mfp_817,0.0
mfp_393,0.0
mfp_815,0.0
mfp_814,0.0
mfp_812,0.0
mfp_395,0.0
mfp_396,0.0
mfp_397,0.0
mfp_800,0.0
mfp_797,0.0
mfp_398,0.0
mfp_399,0.0
mfp_391,0.0
mfp_825,0.0
mfp_333,0.0
mfp_827,0.0
mfp_850,0.0
mfp_375,0.0
mfp_846,0.0
mfp_845,0.0
mfp_376,0.0
mfp_842,0.0
mfp_377,0.0
mfp_839,0.0
mfp_380,0.0
mfp_382,0.0
mfp_836,0.0
mfp_384,0.0
mfp_834,0.0
mfp_830,0.0
mfp_829,0.0
mfp_792,0.0
mfp_791,0.0
mfp_400,0.0
mfp_788,0.0
mfp_406,0.0
mfp_743,0.0
mfp_741,0.0
mfp_740,0.0
mfp_408,0.0
mfp_409,0.0
mfp_410,0.0
mfp_412,0.0
mfp_726,0.0
mfp_413,0.0
mfp_723,0.0
mfp_722,0.0
mfp_721,0.0
mfp_720,0.0
mfp_719,0.0
mfp_746,0.0
mfp_748,0.0
mfp_405,0.0
mfp_772,0.0
mfp_785,0.0
mfp_779,0.0
mfp_778,0.0
mfp_776,0.0
mfp_774,0.0
mfp_773,0.0
mfp_771,0.0
mfp_752,0.0
mfp_768,0.0
mfp_766,0.0
mfp_765,0.0
mfp_763,0.0
mfp_762,0.0
mfp_761,0.0
mfp_851,0.0
mfp_856,0.0
mfp_372,0.0
mfp_910,0.0
mfp_944,0.0
mfp_942,0.0
mfp_938,0.0
mfp_347,0.0
mfp_931,0.0
mfp_928,0.0
mfp_351,0.0
mfp_925,0.0
mfp_924,0.0
mfp_923,0.0
mfp_921,0.0
mfp_920,0.0
mfp_919,0.0
mfp_916,0.0
mfp_912,0.0
mfp_945,0.0
mfp_343,0.0
mfp_948,0.0
mfp_340,0.0
mfp_972,0.0
mfp_971,0.0
mfp_970,0.0
mfp_969,0.0
mfp_338,0.0
mfp_963,0.0
mfp_960,0.0
mfp_949,0.0
mfp_959,0.0
mfp_958,0.0
mfp_956,0.0
mfp_953,0.0
mfp_952,0.0
mfp_342,0.0
mfp_911,0.0
mfp_353,0.0
mfp_860,0.0
mfp_907,0.0
mfp_877,0.0
mfp_876,0.0
mfp_364,0.0
mfp_874,0.0
mfp_873,0.0
mfp_365,0.0
mfp_871,0.0
mfp_869,0.0
mfp_868,0.0
mfp_867,0.0
mfp_866,0.0
mfp_367,0.0
mfp_369,0.0
mfp_863,0.0
mfp_861,0.0
mfp_363,0.0
mfp_362,0.0
mfp_882,0.0
mfp_356,0.0
mfp_905,0.0
mfp_904,0.0
mfp_903,0.0
mfp_902,0.0
mfp_901,0.0
mfp_899,0.0
mfp_897,0.0
mfp_884,0.0
mfp_358,0.0
mfp_894,0.0
mfp_891,0.0
mfp_889,0.0
mfp_359,0.0
mfp_887,0.0
mfp_414,0.0
mfp_717,0.0
mfp_415,0.0
mfp_540,0.0
mfp_564,0.0
mfp_563,0.0
mfp_451,0.0
mfp_452,0.0
mfp_560,0.0
mfp_559,0.0
mfp_557,0.0
mfp_556,0.0
mfp_453,0.0
mfp_550,0.0
mfp_548,0.0
mfp_547,0.0
mfp_546,0.0
mfp_544,0.0
mfp_543,0.0
mfp_565,0.0
mfp_566,0.0
mfp_568,0.0
mfp_579,0.0
mfp_594,0.0
mfp_593,0.0
mfp_447,0.0
mfp_585,0.0
mfp_584,0.0
mfp_583,0.0
mfp_578,0.0
mfp_569,0.0
mfp_449,0.0
mfp_576,0.0
mfp_575,0.0
mfp_574,0.0
mfp_572,0.0
mfp_571,0.0
mfp_542,0.0
mfp_539,0.0
mfp_596,0.0
mfp_536,0.0
mfp_497,0.0
mfp_496,0.0
mfp_493,0.0
mfp_492,0.0
mfp_465,0.0
mfp_483,0.0
mfp_480,0.0
mfp_479,0.0
mfp_466,0.0
mfp_477,0.0
mfp_476,0.0
mfp_475,0.0
mfp_474,0.0
mfp_467,0.0
mfp_472,0.0
mfp_498,0.0
mfp_499,0.0
mfp_505,0.0
mfp_520,0.0
mfp_535,0.0
mfp_533,0.0
mfp_532,0.0
mfp_531,0.0
mfp_525,0.0
mfp_524,0.0
mfp_514,0.0
mfp_506,0.0
mfp_513,0.0
mfp_512,0.0
mfp_511,0.0
mfp_459,0.0
mfp_508,0.0
mfp_460,0.0
mfp_595,0.0
mfp_445,0.0
mfp_416,0.0
mfp_655,0.0
mfp_424,0.0
mfp_681,0.0
mfp_680,0.0
mfp_678,0.0
mfp_676,0.0
mfp_428,0.0
mfp_672,0.0
mfp_671,0.0
mfp_669,0.0
mfp_429,0.0
mfp_430,0.0
mfp_665,0.0
mfp_663,0.0
mfp_660,0.0
mfp_659,0.0
mfp_683,0.0
mfp_685,0.0
mfp_423,0.0
mfp_704,0.0
mfp_712,0.0
mfp_711,0.0
mfp_710,0.0
mfp_708,0.0
mfp_707,0.0
mfp_705,0.0
mfp_417,0.0
mfp_422,0.0
mfp_702,0.0
mfp_701,0.0
mfp_700,0.0
mfp_418,0.0
mfp_698,0.0
mfp_421,0.0
mfp_657,0.0
mfp_654,0.0
mfp_444,0.0
mfp_433,0.0
mfp_439,0.0
mfp_621,0.0
mfp_620,0.0
mfp_617,0.0
mfp_615,0.0
mfp_614,0.0
mfp_612,0.0
mfp_611,0.0
mfp_442,0.0
mfp_609,0.0
mfp_608,0.0
mfp_605,0.0
mfp_604,0.0
mfp_602,0.0
mfp_601,0.0
mfp_625,0.0
mfp_626,0.0
mfp_629,0.0
mfp_436,0.0
mfp_651,0.0
mfp_435,0.0
mfp_649,0.0
mfp_648,0.0
mfp_647,0.0
mfp_646,0.0
mfp_643,0.0
mfp_630,0.0
mfp_640,0.0
mfp_637,0.0
mfp_635,0.0
mfp_633,0.0
mfp_632,0.0
mfp_631,0.0
mfp_973,0.0
mfp_979,0.0
mfp_1497,0.0
mfp_1327,0.0
mfp_243,0.0
mfp_1324,0.0
mfp_1323,0.0
mfp_1320,0.0
mfp_1319,0.0
mfp_1318,0.0
mfp_1317,0.0
mfp_1316,0.0
mfp_1315,0.0
mfp_1311,0.0
mfp_1310,0.0
mfp_244,0.0
mfp_245,0.0
mfp_1307,0.0
mfp_1305,0.0
mfp_1326,0.0
mfp_1328,0.0
mfp_332,0.0
mfp_1329,0.0
mfp_1363,0.0
mfp_238,0.0
mfp_1354,0.0
mfp_1351,0.0
mfp_1350,0.0
mfp_1347,0.0
mfp_1346,0.0
mfp_1343,0.0
mfp_1342,0.0
mfp_1341,0.0
mfp_1340,0.0
mfp_1338,0.0
mfp_1337,0.0
mfp_1332,0.0
mfp_1331,0.0
mfp_1304,0.0
mfp_1301,0.0
mfp_1300,0.0
mfp_1299,0.0
mfp_1259,0.0
mfp_1255,0.0
mfp_258,0.0
mfp_1251,0.0
mfp_259,0.0
mfp_1246,0.0
mfp_1241,0.0
mfp_261,0.0
mfp_1235,0.0
mfp_1233,0.0
mfp_1231,0.0
mfp_1230,0.0
mfp_1229,0.0
mfp_1228,0.0
mfp_1227,0.0
mfp_1263,0.0
mfp_1266,0.0
mfp_1271,0.0
mfp_468,0.0
mfp_1298,0.0
mfp_1297,0.0
mfp_1293,0.0
mfp_1290,0.0
mfp_1288,0.0
mfp_1286,0.0
mfp_1284,0.0
mfp_1273,0.0
mfp_1283,0.0
mfp_1281,0.0
mfp_1280,0.0
mfp_254,0.0
mfp_1277,0.0
mfp_1275,0.0
mfp_1364,0.0
mfp_1372,0.0
mfp_1373,0.0
mfp_1435,0.0
mfp_1464,0.0
mfp_1462,0.0
mfp_1461,0.0
mfp_1459,0.0
mfp_1458,0.0
mfp_1451,0.0
mfp_1450,0.0
mfp_1448,0.0
mfp_215,0.0
mfp_217,0.0
mfp_1443,0.0
mfp_1442,0.0
mfp_1439,0.0
mfp_1438,0.0
mfp_1437,0.0
mfp_1465,0.0
mfp_1466,0.0
mfp_1467,0.0
mfp_205,0.0
mfp_1496,0.0
mfp_1495,0.0
mfp_1492,0.0
mfp_1491,0.0
mfp_1490,0.0
mfp_1488,0.0
mfp_1486,0.0
mfp_1472,0.0
mfp_1484,0.0
mfp_1483,0.0
mfp_208,0.0
mfp_1478,0.0
mfp_1474,0.0
mfp_1473,0.0
mfp_218,0.0
mfp_1433,0.0
mfp_1376,0.0
mfp_1432,0.0
mfp_225,0.0
mfp_1397,0.0
mfp_226,0.0
mfp_1395,0.0
mfp_1389,0.0
mfp_1388,0.0
mfp_1387,0.0
mfp_232,0.0
mfp_1383,0.0
mfp_1382,0.0
mfp_1381,0.0
mfp_233,0.0
mfp_1379,0.0
mfp_1378,0.0
mfp_1377,0.0
mfp_1400,0.0
mfp_224,0.0
mfp_1402,0.0
mfp_1423,0.0
mfp_1431,0.0
mfp_1429,0.0
mfp_1428,0.0
mfp_1427,0.0
mfp_1426,0.0
mfp_1424,0.0
mfp_1419,0.0
mfp_1406,0.0
mfp_1413,0.0
mfp_1412,0.0
mfp_1411,0.0
mfp_223,0.0
mfp_1409,0.0
mfp_1408,0.0
mfp_1226,0.0
mfp_1223,0.0
mfp_1222,0.0
mfp_1046,0.0
mfp_1071,0.0
mfp_1068,0.0
mfp_1067,0.0
mfp_302,0.0
mfp_1064,0.0
mfp_303,0.0
mfp_1062,0.0
mfp_1061,0.0
mfp_304,0.0
mfp_1059,0.0
mfp_1058,0.0
mfp_1054,0.0
mfp_1053,0.0
mfp_1052,0.0
mfp_307,0.0
mfp_300,0.0
mfp_1074,0.0
mfp_299,0.0
mfp_1092,0.0
mfp_1100,0.0
mfp_290,0.0
mfp_1098,0.0
mfp_291,0.0
mfp_1095,0.0
mfp_292,0.0
mfp_1090,0.0
mfp_1076,0.0
mfp_1086,0.0
mfp_1085,0.0
mfp_1084,0.0
mfp_1081,0.0
mfp_1079,0.0
mfp_1078,0.0
mfp_1047,0.0
mfp_1044,0.0
mfp_1103,0.0
mfp_308,0.0
mfp_1014,0.0
mfp_324,0.0
mfp_1010,0.0
mfp_327,0.0
mfp_1005,0.0
mfp_1002,0.0
mfp_329,0.0
mfp_999,0.0
mfp_994,0.0
mfp_991,0.0
mfp_989,0.0
mfp_988,0.0
mfp_986,0.0
mfp_331,0.0
mfp_982,0.0
mfp_1016,0.0
mfp_1018,0.0
mfp_321,0.0
mfp_1033,0.0
mfp_1042,0.0
mfp_1041,0.0
mfp_1038,0.0
mfp_311,0.0
mfp_312,0.0
mfp_313,0.0
mfp_315,0.0
mfp_1020,0.0
mfp_316,0.0
mfp_1030,0.0
mfp_1029,0.0
mfp_320,0.0
mfp_1026,0.0
mfp_1023,0.0
mfp_1102,0.0
mfp_1107,0.0
mfp_264,0.0
mfp_1161,0.0
mfp_1189,0.0
mfp_1188,0.0
mfp_1187,0.0
mfp_1186,0.0
mfp_1185,0.0
mfp_1183,0.0
mfp_271,0.0
mfp_1180,0.0
mfp_1179,0.0
mfp_1178,0.0
mfp_1175,0.0
mfp_1173,0.0
mfp_1170,0.0
mfp_1169,0.0
mfp_1166,0.0
mfp_1191,0.0
mfp_1192,0.0
mfp_1193,0.0
mfp_1210,0.0
mfp_1219,0.0
mfp_1218,0.0
mfp_1216,0.0
mfp_1213,0.0
mfp_1212,0.0
mfp_1211,0.0
mfp_1207,0.0
mfp_270,0.0
mfp_1206,0.0
mfp_1205,0.0
mfp_1204,0.0
mfp_269,0.0
mfp_1198,0.0
mfp_1196,0.0
mfp_274,0.0
mfp_1159,0.0
mfp_1108,0.0
mfp_1156,0.0
mfp_287,0.0
mfp_288,0.0
mfp_1125,0.0
mfp_1124,0.0
mfp_1122,0.0
mfp_1121,0.0
mfp_1120,0.0
mfp_1119,0.0
mfp_1117,0.0
mfp_1115,0.0
mfp_289,0.0
mfp_1113,0.0
mfp_1112,0.0
mfp_1111,0.0
mfp_1109,0.0
mfp_1130,0.0
mfp_1131,0.0
mfp_1132,0.0
mfp_1146,0.0
mfp_278,0.0
mfp_279,0.0
mfp_1151,0.0
mfp_1150,0.0
mfp_1149,0.0
mfp_1148,0.0
mfp_280,0.0
mfp_1134,0.0
mfp_282,0.0
mfp_1142,0.0
mfp_1139,0.0
mfp_1137,0.0
mfp_285,0.0
mfp_1135,0.0
mfp_0,0.0
